medicine_id,medicine_name,rxcui,source
1014599,acetaminophen 300 MG / oxycodone hydrochloride 10 MG Oral Tablet,1014599,RxNorm
1014615,acetaminophen 300 MG / oxycodone hydrochloride 5 MG Oral Tablet,1014615,RxNorm
1014632,acetaminophen 300 MG / oxycodone hydrochloride 7.5 MG Oral Tablet,1014632,RxNorm
1037259,acetaminophen 300 MG / oxycodone hydrochloride 2.5 MG Oral Tablet,1037259,RxNorm
1037273,acetaminophen 300 MG / phenyltoloxamine citrate 20 MG / salicylamide 200 MG Oral Tablet,1037273,RxNorm
1042675,acetaminophen 21.7 MG/ML / dextromethorphan hydrobromide 0.667 MG/ML / doxylamine succinate 0.417 MG/ML Oral Solution,1042675,RxNorm
1042684,acetaminophen 33.3 MG/ML / dextromethorphan hydrobromide 1 MG/ML / doxylamine succinate 0.417 MG/ML Oral Solution,1042684,RxNorm
1042688,acetaminophen 325 MG / chlorpheniramine maleate 2 MG / dextromethorphan hydrobromide 10 MG / phenylephrine hydrochloride 5 MG Oral Capsule,1042688,RxNorm
1042695,acetaminophen 21.7 MG/ML / dextromethorphan hydrobromide 0.667 MG/ML / guaifenesin 13.3 MG/ML Oral Solution,1042695,RxNorm
1043400,acetaminophen 21.7 MG/ML / dextromethorphan hydrobromide 1 MG/ML / doxylamine succinate 0.417 MG/ML Oral Solution,1043400,RxNorm
1044427,acetaminophen 20 MG/ML / hydrocodone bitartrate 0.667 MG/ML Oral Solution,1044427,RxNorm
1046378,acetaminophen 325 MG / phenylephrine hydrochloride 5 MG Oral Tablet,1046378,RxNorm
1046384,acetaminophen 21.7 MG/ML / chlorpheniramine maleate 0.133 MG/ML / dextromethorphan hydrobromide 1 MG/ML Oral Solution,1046384,RxNorm
1046751,acetaminophen 325 MG / diphenhydramine hydrochloride 25 MG / phenylephrine hydrochloride 5 MG Oral Tablet,1046751,RxNorm
1046781,acetaminophen 325 MG / chlorpheniramine maleate 2 MG / phenylephrine hydrochloride 5 MG Oral Tablet,1046781,RxNorm
104906,acetaminophen 24 MG/ML Oral Solution,104906,RxNorm
104908,acetaminophen 500 MG / methionine 250 MG Oral Tablet,104908,RxNorm
1049179,acetaminophen 325 MG / pseudoephedrine hydrochloride 30 MG Oral Tablet,1049179,RxNorm
1049214,acetaminophen 325 MG / oxycodone hydrochloride 10 MG Oral Tablet,1049214,RxNorm
1049221,acetaminophen 325 MG / oxycodone hydrochloride 5 MG Oral Tablet,1049221,RxNorm
1049225,acetaminophen 325 MG / oxycodone hydrochloride 7.5 MG Oral Tablet,1049225,RxNorm
1049233,acetaminophen 500 MG / oxycodone hydrochloride 7.5 MG Oral Tablet,1049233,RxNorm
1049251,acetaminophen 400 MG / oxycodone hydrochloride 10 MG Oral Tablet,1049251,RxNorm
1049260,acetaminophen 400 MG / oxycodone hydrochloride 5 MG Oral Tablet,1049260,RxNorm
1049267,acetaminophen 400 MG / oxycodone hydrochloride 7.5 MG Oral Tablet,1049267,RxNorm
1049270,acetaminophen 650 MG / oxycodone hydrochloride 10 MG Oral Tablet,1049270,RxNorm
1049580,acetaminophen 65 MG/ML / oxycodone hydrochloride 1 MG/ML Oral Solution,1049580,RxNorm
1049635,acetaminophen 325 MG / oxycodone hydrochloride 2.5 MG Oral Tablet,1049635,RxNorm
1049651,acetaminophen 500 MG / oxycodone hydrochloride 10 MG Oral Tablet,1049651,RxNorm
1049658,acetaminophen 500 MG / oxycodone hydrochloride 5 MG Oral Capsule,1049658,RxNorm
1050385,acetaminophen 32 MG/ML / diphenhydramine hydrochloride 1.25 MG/ML / phenylephrine hydrochloride 0.5 MG/ML Oral Solution,1050385,RxNorm
1052462,acetaminophen 325 MG / diphenhydramine hydrochloride 12.5 MG Oral Tablet,1052462,RxNorm
1052467,acetaminophen 500 MG / diphenhydramine hydrochloride 12.5 MG Oral Tablet,1052467,RxNorm
1052637,acetaminophen 500 MG / pamabrom 25 MG / pyrilamine maleate 15 MG Oral Tablet,1052637,RxNorm
1052647,acetaminophen 325 MG / doxylamine succinate 6.25 MG / phenylephrine hydrochloride 5 MG Oral Capsule,1052647,RxNorm
1052670,acetaminophen 325 MG / phenylephrine hydrochloride 5 MG Oral Capsule,1052670,RxNorm
1052679,acetaminophen 500 MG / chlorpheniramine maleate 2 MG / phenylephrine hydrochloride 5 MG Oral Tablet,1052679,RxNorm
106814,acetaminophen 450 MG / caffeine 30 MG Oral Tablet,106814,RxNorm
106815,acetaminophen 450 MG / caffeine 25 MG Oral Tablet,106815,RxNorm
106818,acetaminophen 5 MG/ML / caffeine 0.65 MG/ML Oral Solution,106818,RxNorm
106821,acetaminophen 150 MG / sodium salicylate 100 MG Oral Tablet,106821,RxNorm
1086750,acetaminophen 32 MG/ML / chlorpheniramine maleate 0.2 MG/ML / dextromethorphan hydrobromide 1 MG/ML Oral Suspension,1086750,RxNorm
1086991,acetaminophen 325 MG / chlorpheniramine maleate 2 MG / dextromethorphan hydrobromide 10 MG / phenylephrine hydrochloride 5 MG Oral Tablet,1086991,RxNorm
1086997,acetaminophen 325 MG / dextromethorphan hydrobromide 10 MG / phenylephrine hydrochloride 5 MG Oral Capsule,1086997,RxNorm
1087607,acetaminophen 500 MG / diphenhydramine hydrochloride 50 MG Oral Tablet,1087607,RxNorm
1088758,acetaminophen 33.3 MG/ML / phenyltoloxamine citrate 2 MG/ML Oral Solution,1088758,RxNorm
1089822,acetaminophen 325 MG / dextromethorphan hydrobromide 15 MG / doxylamine succinate 6.25 MG / pseudoephedrine hydrochloride 30 MG Oral Capsule,1089822,RxNorm
1089968,acetaminophen 500 MG / chlorpheniramine maleate 2 MG / dextromethorphan hydrobromide 15 MG / pseudoephedrine hydrochloride 30 MG Oral Tablet,1089968,RxNorm
1090476,acetaminophen 250 MG / dextromethorphan hydrobromide 10 MG / guaifenesin 100 MG / pseudoephedrine hydrochloride 30 MG Oral Capsule,1090476,RxNorm
1090743,acetaminophen 500 MG / pseudoephedrine hydrochloride 30 MG Oral Tablet,1090743,RxNorm
1092189,acetaminophen 500 MG / diphenhydramine hydrochloride 25 MG Oral Tablet,1092189,RxNorm
1092373,acetaminophen 33.3 MG/ML / diphenhydramine hydrochloride 1.67 MG/ML Oral Solution,1092373,RxNorm
1093075,acetaminophen 325 MG / diphenhydramine hydrochloride 50 MG Oral Tablet,1093075,RxNorm
1093083,acetaminophen 650 MG / diphenhydramine hydrochloride 50 MG Oral Tablet,1093083,RxNorm
1094131,acetaminophen 65 MG/ML / dextromethorphan hydrobromide 2 MG/ML / diphenhydramine hydrochloride 2.5 MG/ML Oral Solution,1094131,RxNorm
1094538,acetaminophen 325 MG / dextromethorphan hydrobromide 10 MG / phenylephrine hydrochloride 5 MG Oral Tablet,1094538,RxNorm
1094549,acetaminophen 325 MG / dextromethorphan hydrobromide 15 MG / doxylamine succinate 6.25 MG Oral Capsule,1094549,RxNorm
1098435,acetaminophen 325 MG / dextromethorphan hydrobromide 10 MG / guaifenesin 100 MG / phenylephrine hydrochloride 5 MG Oral Tablet,1098435,RxNorm
1098496,acetaminophen 500 MG / chlorpheniramine maleate 2 MG / dextromethorphan hydrobromide 15 MG Oral Tablet,1098496,RxNorm
1099872,acetaminophen 500 MG / diphenhydramine citrate 38 MG Oral Tablet,1099872,RxNorm
1101534,acetaminophen 500 MG / phenylephrine hydrochloride 5 MG Oral Tablet,1101534,RxNorm
1110988,acetaminophen 325 MG / dextromethorphan hydrobromide 10 MG / guaifenesin 200 MG / phenylephrine hydrochloride 5 MG Oral Tablet,1110988,RxNorm
1112864,acetaminophen 325 MG / chlorpheniramine maleate 2 MG Oral Tablet,1112864,RxNorm
1113397,acetaminophen 32 MG/ML / chlorpheniramine maleate 0.2 MG/ML / dextromethorphan hydrobromide 1 MG/ML / phenylephrine hydrochloride 0.5 MG/ML Oral Suspension,1113397,RxNorm
1113522,acetaminophen 32 MG/ML / chlorpheniramine maleate 0.2 MG/ML / dextromethorphan hydrobromide 1.5 MG/ML Oral Solution,1113522,RxNorm
1113705,acetaminophen 21.7 MG/ML / dextromethorphan hydrobromide 0.667 MG/ML / phenylephrine hydrochloride 0.333 MG/ML Oral Solution,1113705,RxNorm
1116568,acetaminophen 32.5 MG/ML / guaifenesin 20 MG/ML / phenylephrine hydrochloride 0.5 MG/ML Oral Solution,1116568,RxNorm
1116572,acetaminophen 32.5 MG/ML / dextromethorphan hydrobromide 1 MG/ML / guaifenesin 20 MG/ML / phenylephrine hydrochloride 0.5 MG/ML Oral Solution,1116572,RxNorm
1117245,acetaminophen 500 MG / diphenhydramine hydrochloride 25 MG Oral Capsule,1117245,RxNorm
1147619,acetaminophen 650 MG / diphenhydramine hydrochloride 25 MG / phenylephrine hydrochloride 10 MG Oral Tablet,1147619,RxNorm
1147795,acetaminophen 325 MG / chlorpheniramine maleate 2 MG / dextromethorphan hydrobromide 10 MG / pseudoephedrine hydrochloride 30 MG Oral Tablet,1147795,RxNorm
1148399,8 HR acetaminophen 650 MG Extended Release Oral Tablet,1148399,RxNorm
1189316,acetaminophen 500 MG / dextromethorphan hydrobromide 20 MG / phenylephrine hydrochloride 10 MG Granules for Oral Solution,1189316,RxNorm
1190931,acetaminophen 650 MG / dexbrompheniramine maleate 2 MG Oral Tablet,1190931,RxNorm
1193292,acetaminophen 250 MG / chlorpheniramine maleate 2 MG / dextromethorphan hydrobromide 10 MG / phenylephrine hydrochloride 5 MG Oral Capsule,1193292,RxNorm
1193293,acetaminophen 325 MG / chlorpheniramine maleate 4 MG / phenylephrine hydrochloride 10 MG Oral Tablet,1193293,RxNorm
1233575,acetaminophen 325 MG / diphenhydramine hydrochloride 12.5 MG / phenylephrine hydrochloride 5 MG Oral Tablet,1233575,RxNorm
1234871,acetaminophen 356.4 MG / caffeine 30 MG / dihydrocodeine bitartrate 16 MG Oral Capsule,1234871,RxNorm
1234978,acetaminophen 712.8 MG / caffeine 60 MG / dihydrocodeine bitartrate 32 MG Oral Tablet,1234978,RxNorm
1234999,acetaminophen 500 MG / dihydrocodeine bitartrate 10 MG Oral Tablet,1234999,RxNorm
1235009,acetaminophen 500 MG / dihydrocodeine bitartrate 20 MG Oral Tablet,1235009,RxNorm
1235011,acetaminophen 500 MG / dihydrocodeine bitartrate 30 MG Oral Tablet,1235011,RxNorm
1236070,acetaminophen 21.7 MG/ML / chlorpheniramine maleate 0.13 MG/ML / dextromethorphan hydrobromide 0.67 MG/ML Oral Solution,1236070,RxNorm
1236395,acetaminophen 250 MG / dextromethorphan hydrobromide 10 MG / doxylamine succinate 6.25 MG / pseudoephedrine hydrochloride 30 MG Oral Capsule,1236395,RxNorm
1236419,acetaminophen 250 MG / dextromethorphan hydrobromide 10 MG / pseudoephedrine hydrochloride 30 MG Oral Capsule,1236419,RxNorm
1236435,acetaminophen 325 MG / dextromethorphan hydrobromide 15 MG / pseudoephedrine hydrochloride 30 MG Oral Capsule,1236435,RxNorm
1237110,acetaminophen 33.3 MG/ML / dextromethorphan hydrobromide 1 MG/ML / doxylamine succinate 0.417 MG/ML / pseudoephedrine hydrochloride 2 MG/ML Oral Solution,1237110,RxNorm
1241829,acetaminophen 325 MG / phenylephrine hydrochloride 5 MG / pyrilamine maleate 25 MG Oral Tablet,1241829,RxNorm
1242618,acetaminophen 250 MG / doxylamine succinate 25 MG / salicylamide 150 MG Oral Tablet,1242618,RxNorm
1242747,acetaminophen 162.5 MG / chlorpheniramine maleate 2 MG / dextromethorphan hydrobromide 10 MG / phenylephrine hydrochloride 5 MG Oral Capsule,1242747,RxNorm
1243679,acetaminophen 325 MG / guaifenesin 200 MG / phenylephrine hydrochloride 5 MG Oral Tablet,1243679,RxNorm
1244918,acetaminophen 21.7 MG/ML / dextromethorphan hydrobromide 1 MG/ML / doxylamine succinate 0.25 MG/ML Oral Solution,1244918,RxNorm
1245169,acetaminophen 163 MG / chlorpheniramine maleate 2 MG / dextromethorphan hydrobromide 10 MG / phenylephrine hydrochloride 5 MG Oral Tablet,1245169,RxNorm
1249617,acetaminophen 300 MG / butalbital 50 MG Oral Tablet,1249617,RxNorm
1250743,acetaminophen 500 MG / dextromethorphan hydrobromide 15 MG / pseudoephedrine hydrochloride 30 MG Oral Tablet,1250743,RxNorm
1251928,acetaminophen 500 MG / chlorpheniramine maleate 2 MG / pseudoephedrine hydrochloride 30 MG Oral Tablet,1251928,RxNorm
1291711,acetaminophen 500 MG / diphenhydramine hydrochloride 25 MG / pseudoephedrine hydrochloride 30 MG Oral Tablet,1291711,RxNorm
1291948,acetaminophen 24 MG/ML / diphenhydramine hydrochloride 2.5 MG/ML Oral Solution,1291948,RxNorm
1291951,acetaminophen 21.7 MG/ML / dextromethorphan hydrobromide 0.667 MG/ML / pseudoephedrine hydrochloride 2 MG/ML Oral Solution,1291951,RxNorm
1292342,acetaminophen 43.3 MG/ML / chlorpheniramine maleate 0.267 MG/ML / dextromethorphan hydrobromide 2 MG/ML Oral Solution,1292342,RxNorm
1293344,acetaminophen 325 MG / chlorpheniramine maleate 2 MG / pseudoephedrine hydrochloride 30 MG Oral Tablet,1293344,RxNorm
1294019,acetaminophen 325 MG / guaifenesin 200 MG / pseudoephedrine hydrochloride 30 MG Oral Tablet,1294019,RxNorm
1294201,acetaminophen 325 MG / chlorpheniramine maleate 2 MG / pseudoephedrine hydrochloride 30 MG Oral Capsule,1294201,RxNorm
1294607,acetaminophen 21.7 MG/ML / diphenhydramine hydrochloride 0.833 MG/ML Oral Solution,1294607,RxNorm
1297288,acetaminophen 325 MG / dextromethorphan hydrobromide 10 MG / doxylamine succinate 6.25 MG / phenylephrine hydrochloride 5 MG Oral Capsule,1297288,RxNorm
1297947,acetaminophen 500 MG / diphenhydramine citrate 38 MG Oral Powder,1297947,RxNorm
1298288,acetaminophen 650 MG / dextromethorphan hydrobromide 30 MG / diphenhydramine hydrochloride 50 MG / pseudoephedrine hydrochloride 60 MG Oral Tablet,1298288,RxNorm
1298348,acetaminophen 21.7 MG/ML / diphenhydramine hydrochloride 0.833 MG/ML / phenylephrine hydrochloride 0.333 MG/ML Oral Solution,1298348,RxNorm
1299646,acetaminophen 325 MG / chlorpheniramine maleate 2 MG / dextromethorphan hydrobromide 15 MG / pseudoephedrine hydrochloride 30 MG Oral Capsule,1299646,RxNorm
1299662,acetaminophen 325 MG / chlorpheniramine maleate 2 MG / dextromethorphan hydrobromide 10 MG / pseudoephedrine hydrochloride 30 MG Oral Capsule,1299662,RxNorm
1303251,acetaminophen 100 MG / caffeine 2 MG / chlorpheniramine maleate 2 MG Oral Capsule,1303251,RxNorm
1304853,acetaminophen 33.3 MG/ML / brompheniramine maleate 0.133 MG/ML / pseudoephedrine hydrochloride 2 MG/ML Oral Solution,1304853,RxNorm
1307244,acetaminophen 325 MG / chlorpheniramine maleate 2 MG / dextromethorphan hydrobromide 15 MG / phenylephrine hydrochloride 5 MG Oral Tablet,1307244,RxNorm
1309062,acetaminophen 325 MG / guaifenesin 100 MG / phenylephrine hydrochloride 5 MG Oral Tablet,1309062,RxNorm
1312260,acetaminophen 325 MG / dextromethorphan hydrobromide 15 MG / phenylephrine hydrochloride 5 MG Oral Capsule,1312260,RxNorm
1313969,acetaminophen 325 MG / chlorpheniramine maleate 2 MG / phenylephrine hydrochloride 5 MG Oral Capsule,1313969,RxNorm
1359154,acetaminophen 500 MG / dextromethorphan hydrobromide 20 MG / guaifenesin 400 MG / pseudoephedrine hydrochloride 60 MG Oral Tablet,1359154,RxNorm
1359455,acetaminophen 33.3 MG/ML / dextromethorphan hydrobromide 1 MG/ML Oral Solution,1359455,RxNorm
1366825,acetaminophen 80 MG / chlorpheniramine maleate 0.5 MG / dextromethorphan hydrobromide 2.5 MG / pseudoephedrine hydrochloride 7.5 MG Chewable Tablet,1366825,RxNorm
1367204,acetaminophen 325 MG / dextromethorphan hydrobromide 15 MG / guaifenesin 200 MG / phenylephrine hydrochloride 5 MG Oral Tablet,1367204,RxNorm
1367205,acetaminophen 325 MG / dextromethorphan hydrobromide 15 MG / phenylephrine hydrochloride 5 MG Oral Tablet,1367205,RxNorm
1367206,acetaminophen 325 MG / guaifenesin 200 MG / phenylephrine hydrochloride 10 MG Oral Tablet,1367206,RxNorm
1367210,acetaminophen 500 MG / caffeine 32.5 MG / phenylephrine hydrochloride 5 MG Oral Tablet,1367210,RxNorm
1369842,acetaminophen 21.7 MG/ML / dextromethorphan hydrobromide 0.667 MG/ML / guaifenesin 13.3 MG/ML / phenylephrine hydrochloride 0.333 MG/ML Oral Solution,1369842,RxNorm
1369927,acetaminophen 33.3 MG/ML / dextromethorphan hydrobromide 1 MG/ML / pseudoephedrine hydrochloride 2 MG/ML Oral Solution,1369927,RxNorm
1370113,acetaminophen 32 MG/ML / dextromethorphan hydrobromide 1 MG/ML Oral Suspension,1370113,RxNorm
1370285,acetaminophen 16.7 MG/ML / caffeine 1.08 MG/ML Oral Solution,1370285,RxNorm
1372312,acetaminophen 32 MG/ML / chlorpheniramine maleate 0.2 MG/ML / phenylephrine hydrochloride 0.5 MG/ML Oral Suspension,1372312,RxNorm
1375932,acetaminophen 32.5 MG/ML / diphenhydramine hydrochloride 1.25 MG/ML / phenylephrine hydrochloride 0.5 MG/ML Oral Solution,1375932,RxNorm
1425315,acetaminophen 325 MG / chlorpheniramine maleate 6.25 MG / dextromethorphan hydrobromide 15 MG Oral Tablet,1425315,RxNorm
1426334,acetaminophen 325 MG / dextromethorphan hydrobromide 10 MG / doxylamine succinate 6.25 MG Oral Capsule,1426334,RxNorm
1431245,acetaminophen 21.7 MG/ML / dextromethorphan hydrobromide 0.667 MG/ML / doxylamine succinate 0.417 MG/ML / phenylephrine hydrochloride 0.333 MG/ML Oral Solution,1431245,RxNorm
1431286,acetaminophen 300 MG / butalbital 50 MG / caffeine 40 MG / codeine phosphate 30 MG Oral Capsule,1431286,RxNorm
1432488,acetaminophen 250 MG / dextromethorphan hydrobromide 10 MG / guaifenesin 200 MG / phenylephrine hydrochloride 5 MG Oral Capsule,1432488,RxNorm
1484879,acetaminophen 500 MG / dextromethorphan hydrobromide 20 MG / guaifenesin 400 MG / phenylephrine hydrochloride 10 MG Oral Tablet,1484879,RxNorm
152596,acetaminophen 500 MG / methionine 100 MG Oral Tablet,152596,RxNorm
152620,acetaminophen 240 MG Rectal Suppository,152620,RxNorm
1534835,acetaminophen 650 MG / dextromethorphan hydrobromide 20 MG / doxylamine succinate 12.5 MG / phenylephrine hydrochloride 10 MG Powder for Oral Solution,1534835,RxNorm
1536457,acetaminophen 500 MG / codeine phosphate 8 MG Effervescent Oral Tablet,1536457,RxNorm
1536459,acetaminophen 500 MG / codeine phosphate 30 MG Effervescent Oral Tablet,1536459,RxNorm
1536477,acetaminophen 250 MG / chlorpheniramine maleate 2 MG / dextromethorphan hydrobromide 10 MG / phenylephrine hydrochloride 5 MG Effervescent Oral Tablet,1536477,RxNorm
1536880,acetaminophen 500 MG Effervescent Oral Tablet,1536880,RxNorm
1536882,acetaminophen 250 MG / phenylephrine hydrochloride 5 MG Effervescent Oral Tablet,1536882,RxNorm
1536924,acetaminophen 250 MG / dextromethorphan hydrobromide 10 MG / phenylephrine hydrochloride 5 MG Effervescent Oral Tablet,1536924,RxNorm
1536931,acetaminophen 250 MG / chlorpheniramine maleate 2 MG / phenylephrine hydrochloride 5 MG Effervescent Oral Tablet,1536931,RxNorm
1536934,acetaminophen 325 MG / chlorpheniramine maleate 2 MG / dextromethorphan hydrobromide 10 MG / phenylpropanolamine bitartrate 20 MG Effervescent Oral Tablet,1536934,RxNorm
1536999,acetaminophen 250 MG / dextromethorphan hydrobromide 10 MG / doxylamine succinate 6.25 MG / phenylephrine hydrochloride 5 MG Effervescent Oral Tablet,1536999,RxNorm
153830,acetaminophen 500 MG / domperidone 10 MG Oral Tablet,153830,RxNorm
1538456,acetaminophen 325 MG / pyrilamine maleate 25 MG Oral Tablet,1538456,RxNorm
1540507,acetaminophen 80 MG / chlorpheniramine maleate 0.5 MG / phenylephrine hydrochloride 1.25 MG Chewable Tablet,1540507,RxNorm
1543072,acetaminophen 650 MG / caffeine 50 MG Oral Powder,1543072,RxNorm
1546700,acetaminophen 325 MG / dexbrompheniramine maleate 1 MG Oral Tablet,1546700,RxNorm
1546881,acetaminophen 325 MG / dextromethorphan hydrobromide 10 MG / doxylamine succinate 6.25 MG / phenylephrine hydrochloride 5 MG Oral Tablet,1546881,RxNorm
1550968,acetaminophen 500 MG / dextromethorphan hydrobromide 20 MG / guaifenesin 400 MG / phenylephrine hydrochloride 10 MG Powder for Oral Solution,1550968,RxNorm
1593110,acetaminophen 250 MG / aspirin 250 MG / diphenhydramine citrate 38 MG Oral Tablet,1593110,RxNorm
1593450,acetaminophen 32.5 MG/ML / dextromethorphan hydrobromide 1 MG/ML / guaifenesin 20 MG/ML / phenylephrine hydrochloride 0.5 MG/ML Oral Suspension,1593450,RxNorm
1593765,acetaminophen 32 MG/ML / chlophedianol hydrochloride 2.5 MG/ML / pyrilamine maleate 2.5 MG/ML Oral Solution,1593765,RxNorm
1596108,acetaminophen 320.5 MG / caffeine 30 MG / dihydrocodeine bitartrate 16 MG Oral Capsule,1596108,RxNorm
1597298,acetaminophen 500 MG / caffeine 60 MG / pyrilamine maleate 15 MG Oral Tablet,1597298,RxNorm
1599133,acetaminophen 60 MG / chlorpheniramine maleate 0.667 MG Oral Tablet,1599133,RxNorm
1602568,acetaminophen 500 MG / phenyltoloxamine citrate 29 MG Oral Tablet,1602568,RxNorm
1656815,acetaminophen 325 MG / dextromethorphan hydrobromide 10 MG / guaifenesin 200 MG / phenylephrine hydrochloride 5 MG Oral Capsule,1656815,RxNorm
1659175,acetaminophen 500 MG / diphenhydramine hydrochloride 25 MG / phenylephrine hydrochloride 10 MG Powder for Oral Solution,1659175,RxNorm
1659960,acetaminophen 650 MG / diphenhydramine hydrochloride 25 MG / phenylephrine hydrochloride 10 MG Granules for Oral Solution,1659960,RxNorm
1659964,acetaminophen 650 MG / pheniramine maleate 20 MG / phenylephrine hydrochloride 10 MG Powder for Oral Solution,1659964,RxNorm
1659967,acetaminophen 650 MG / dextromethorphan hydrobromide 20 MG / phenylephrine hydrochloride 10 MG Granules for Oral Solution,1659967,RxNorm
1661683,acetaminophen 16.7 MG/ML Oral Solution,1661683,RxNorm
1673869,acetaminophen 325 MG / dextromethorphan hydrobromide 20 MG / guaifenesin 200 MG / pseudoephedrine hydrochloride 60 MG Oral Tablet,1673869,RxNorm
1724446,acetaminophen 325 MG / butalbital 25 MG Oral Tablet,1724446,RxNorm
1741529,acetaminophen 650 MG / chlorpheniramine maleate 4 MG / phenylephrine hydrochloride 10 MG Oral Powder,1741529,RxNorm
1743369,acetaminophen 25 MG/ML / chlorpheniramine maleate 0.4 MG/ML / dextromethorphan hydrobromide 1.33 MG/ML / guaifenesin 20 MG/ML / phenylephrine hydrochloride 0.5 MG/ML Oral Solution,1743369,RxNorm
1744049,acetaminophen 325 MG / chlorpheniramine maleate 3 MG / dextromethorphan hydrobromide 30 MG / phenylephrine hydrochloride 5 MG Oral Tablet,1744049,RxNorm
1790651,acetaminophen 25 MG/ML / dextromethorphan hydrobromide 1.33 MG/ML / guaifenesin 20 MG/ML / phenylephrine hydrochloride 0.5 MG/ML Oral Solution,1790651,RxNorm
1796460,acetaminophen 325 MG / pheniramine maleate 20 MG / phenylephrine hydrochloride 10 MG Powder for Oral Solution,1796460,RxNorm
1796708,acetaminophen 32 MG/ML / dextromethorphan hydrobromide 1 MG/ML Oral Solution,1796708,RxNorm
1798453,acetaminophen 500 MG / dexbrompheniramine maleate 1 MG Oral Tablet,1798453,RxNorm
1805288,acetaminophen 650 MG / dextromethorphan hydrobromide 30 MG / doxylamine succinate 12.5 MG Powder for Oral Solution,1805288,RxNorm
1812164,acetaminophen 325 MG / caffeine 30 MG / dihydrocodeine bitartrate 16 MG Oral Tablet,1812164,RxNorm
1867684,acetaminophen 325 MG / dextromethorphan hydrobromide 10 MG Oral Capsule,1867684,RxNorm
1919076,acetaminophen 32.5 MG/ML / dextromethorphan hydrobromide 1 MG/ML Oral Solution,1919076,RxNorm
197425,acetaminophen 325 MG / butalbital 50 MG Oral Capsule,197425,RxNorm
197426,acetaminophen 325 MG / butalbital 50 MG Oral Tablet,197426,RxNorm
197427,acetaminophen 650 MG / butalbital 50 MG Oral Capsule,197427,RxNorm
197428,acetaminophen 650 MG / butalbital 50 MG Oral Tablet,197428,RxNorm
198204,acetaminophen 250 MG / salicylamide 600 MG Oral Tablet,198204,RxNorm
198434,acetaminophen 120 MG Rectal Suppository,198434,RxNorm
198436,acetaminophen 325 MG Oral Capsule,198436,RxNorm
198437,acetaminophen 325 MG Rectal Suppository,198437,RxNorm
198439,acetaminophen 500 MG Oral Capsule,198439,RxNorm
198440,acetaminophen 500 MG Oral Tablet,198440,RxNorm
198443,acetaminophen 650 MG Rectal Suppository,198443,RxNorm
198444,acetaminophen 650 MG Oral Tablet,198444,RxNorm
198445,acetaminophen 80 MG Rectal Suppository,198445,RxNorm
198449,acetaminophen 500 MG / pamabrom 25 MG Oral Tablet,198449,RxNorm
1995136,acetaminophen 300 MG / butalbital 50 MG Oral Capsule,1995136,RxNorm
1996081,acetaminophen 32.5 MG/ML / dextromethorphan hydrobromide 1 MG/ML / phenylephrine hydrochloride 0.5 MG/ML Oral Solution,1996081,RxNorm
1996098,acetaminophen 32.5 MG/ML / dextromethorphan hydrobromide 1 MG/ML / diphenhydramine hydrochloride 1.25 MG/ML / phenylephrine hydrochloride 0.5 MG/ML Oral Solution,1996098,RxNorm
2001358,acetaminophen 325 MG / benzhydrocodone 6.12 MG Oral Tablet,2001358,RxNorm
204900,acetaminophen 16 MG/ML Oral Solution,204900,RxNorm
2049223,acetaminophen 325 MG / guaifenesin 200 MG / phenylephrine hydrochloride 5 MG Oral Capsule,2049223,RxNorm
2049283,acetaminophen 33.3 MG/ML / chlorpheniramine maleate 0.133 MG/ML / dextromethorphan hydrobromide 1 MG/ML / pseudoephedrine hydrochloride 2 MG/ML Oral Solution,2049283,RxNorm
2049841,acetaminophen 325 MG / chlorpheniramine maleate 2 MG / dextromethorphan hydrobromide 10 MG Oral Tablet,2049841,RxNorm
205251,acetaminophen 160 MG / aspirin 230 MG / caffeine 33 MG Oral Tablet,205251,RxNorm
2101281,acetaminophen 32 MG/ML / dextromethorphan hydrobromide 1.5 MG/ML Oral Solution,2101281,RxNorm
2101282,acetaminophen 325 MG / dextromethorphan hydrobromide 15 MG / guaifenesin 200 MG Oral Tablet,2101282,RxNorm
2105822,acetaminophen 60 MG/ML / oxycodone hydrochloride 2 MG/ML Oral Solution,2105822,RxNorm
2118728,acetaminophen 325 MG / benzhydrocodone 4.08 MG Oral Tablet,2118728,RxNorm
2118732,acetaminophen 325 MG / benzhydrocodone 8.16 MG Oral Tablet,2118732,RxNorm
2121065,acetaminophen 65 MG/ML / chlorpheniramine maleate 0.4 MG/ML / dextromethorphan hydrobromide 1.3 MG/ML / phenylephrine hydrochloride 1 MG/ML Oral Solution,2121065,RxNorm
2122363,acetaminophen 160 MG / dextromethorphan hydrobromide 5 MG Chewable Tablet,2122363,RxNorm
2168792,acetaminophen 21.7 MG/ML / dextromethorphan hydrobromide 1 MG/ML Oral Solution,2168792,RxNorm
2173662,acetaminophen 32.5 MG/ML / dextromethorphan hydrobromide 1 MG/ML / phenylephrine hydrochloride 0.5 MG/ML / triprolidine hydrochloride 0.125 MG/ML Oral Solution,2173662,RxNorm
2173667,acetaminophen 32.5 MG/ML / dextromethorphan hydrobromide 1 MG/ML / triprolidine hydrochloride 0.125 MG/ML Oral Solution,2173667,RxNorm
2178755,acetaminophen 160 MG Oral Powder,2178755,RxNorm
2181307,acetaminophen 325 MG / caffeine 45 MG / chlorpheniramine maleate 2 MG / phenylephrine hydrochloride 5 MG Oral Tablet,2181307,RxNorm
2264779,acetaminophen 325 MG Chewable Tablet,2264779,RxNorm
226882,acetaminophen 60 MG Rectal Suppository,226882,RxNorm
2360605,acetaminophen 500 MG / aspirin 500 MG / caffeine 65 MG Oral Powder,2360605,RxNorm
2374360,acetaminophen 500 MG Oral Powder,2374360,RxNorm
2374554,acetaminophen 32.5 MG/ML / diphenhydramine hydrochloride 1.25 MG/ML Oral Solution,2374554,RxNorm
2377385,acetaminophen 325 MG / dextromethorphan hydrobromide 10 MG / guaifenesin 200 MG Oral Capsule,2377385,RxNorm
238153,acetaminophen 325 MG / butalbital 50 MG / caffeine 40 MG Oral Capsule,238153,RxNorm
238154,acetaminophen 325 MG / butalbital 50 MG / caffeine 40 MG Oral Tablet,238154,RxNorm
238159,acetaminophen 100 MG/ML Oral Solution,238159,RxNorm
2387532,acetaminophen 250 MG / ibuprofen 125 MG Oral Tablet,2387532,RxNorm
2391564,acetaminophen 500 MG / phenyltoloxamine citrate 30 MG Oral Tablet,2391564,RxNorm
2391569,acetaminophen 325 MG / phenyltoloxamine citrate 30 MG Oral Tablet,2391569,RxNorm
240093,acetaminophen 500 MG / butalbital 50 MG / caffeine 40 MG Oral Tablet,240093,RxNorm
241864,acetaminophen 650 MG / phenyltoloxamine citrate 50 MG Oral Tablet,241864,RxNorm
243675,acetaminophen 100 MG/ML Oral Suspension,243675,RxNorm
243694,acetaminophen 194 MG / aspirin 227 MG / caffeine 33 MG Oral Tablet,243694,RxNorm
2463332,acetaminophen 500 MG / chlorpheniramine maleate 4 MG / phenylephrine hydrochloride 10 MG Oral Tablet,2463332,RxNorm
247324,acetaminophen 500 MG / dextromethorphan hydrobromide 15 MG Oral Tablet,247324,RxNorm
247816,acetaminophen 325 MG / caffeine 65 MG Oral Tablet,247816,RxNorm
2480095,50 ML acetaminophen 10 MG/ML Injection,2480095,RxNorm
248316,acetaminophen 50 MG/ML Oral Solution,248316,RxNorm
249875,acetaminophen 250 MG Rectal Suppository,249875,RxNorm
250085,acetaminophen 25 MG/ML / ibuprofen 20 MG/ML Oral Suspension,250085,RxNorm
250420,acetaminophen 500 MG / caffeine 32 MG Oral Capsule,250420,RxNorm
250649,acetaminophen 50 MG/ML Oral Suspension,250649,RxNorm
250650,acetaminophen 24 MG/ML Oral Suspension,250650,RxNorm
250651,acetaminophen 500 MG Rectal Suppository,250651,RxNorm
251169,acetaminophen 325 MG / isometheptene 65 MG Oral Capsule,251169,RxNorm
251374,acetaminophen 80 MG Disintegrating Oral Tablet,251374,RxNorm
251454,acetaminophen 500 MG / metoclopramide 5 MG Oral Tablet,251454,RxNorm
251698,acetaminophen 300 MG Rectal Suppository,251698,RxNorm
252650,acetaminophen 500 MG / melatonin 1.5 MG Oral Tablet,252650,RxNorm
2549034,acetaminophen 325 MG / dextromethorphan hydrobromide 10 MG / triprolidine hydrochloride 1.25 MG Oral Tablet,2549034,RxNorm
2549037,acetaminophen 325 MG / dextromethorphan hydrobromide 10 MG / phenylephrine hydrochloride 5 MG / triprolidine hydrochloride 1.25 MG Oral Tablet,2549037,RxNorm
2557336,acetaminophen 325 MG / chlorpheniramine maleate 2 MG / dextromethorphan hydrobromide 10 MG / phenylephrine hydrochloride 5 MG Effervescent Oral Tablet,2557336,RxNorm
2588212,acetaminophen 6.67 MG/ML / chlorpheniramine maleate 0.0833 MG/ML / dextromethorphan hydrobromide 0.5 MG/ML Oral Solution,2588212,RxNorm
2599517,acetaminophen 325 MG / chlorpheniramine maleate 4 MG / phenylephrine hydrochloride 10 MG Oral Capsule,2599517,RxNorm
2604561,acetaminophen 21.7 MG/ML / dextromethorphan hydrobromide 0.667 MG/ML Oral Solution,2604561,RxNorm
2604562,acetaminophen 33.3 MG/ML / chlorpheniramine maleate 0.133 MG/ML / dextromethorphan hydrobromide 1 MG/ML Oral Solution,2604562,RxNorm
2608082,acetaminophen 325 MG / dextromethorphan hydrobromide 10 MG / phenylephrine hydrochloride 5 MG / triprolidine hydrochloride 1.25 MG Oral Capsule,2608082,RxNorm
2636656,acetaminophen 1000 MG / dextromethorphan hydrobromide 30 MG Powder for Oral Solution,2636656,RxNorm
2636658,acetaminophen 1000 MG / chlorpheniramine maleate 4 MG / dextromethorphan hydrobromide 30 MG Powder for Oral Solution,2636658,RxNorm
2645106,acetaminophen 10 MG/ML / chlorpheniramine maleate 0.125 MG/ML Oral Solution,2645106,RxNorm
2668206,acetaminophen 500 MG Granules for Oral Solution,2668206,RxNorm
2670598,acetaminophen 500 MG / dextromethorphan hydrobromide 20 MG Powder for Oral Solution,2670598,RxNorm
2670677,acetaminophen 650 MG / diphenhydramine hydrochloride 25 MG Powder for Oral Solution,2670677,RxNorm
2670678,acetaminophen 650 MG / dextromethorphan hydrobromide 20 MG Powder for Oral Solution,2670678,RxNorm
2673874,100 ML acetaminophen 10 MG/ML / ibuprofen 3 MG/ML Injection,2673874,RxNorm
2675760,acetaminophen 325 MG / ibuprofen 97.5 MG Oral Tablet,2675760,RxNorm
2677914,acetaminophen 325 MG / dextromethorphan hydrobromide 10 MG / doxylamine succinate 6.25 MG / phenylephrine hydrochloride 5 MG Powder for Oral Solution,2677914,RxNorm
2677915,acetaminophen 325 MG / dextromethorphan hydrobromide 10 MG / guaifenesin 200 MG / phenylephrine hydrochloride 5 MG Powder for Oral Solution,2677915,RxNorm
2678223,acetaminophen 162.5 MG / dextromethorphan hydrobromide 5 MG Chewable Tablet,2678223,RxNorm
2678231,acetaminophen 162.5 MG / chlorpheniramine maleate 2 MG / dextromethorphan hydrobromide 5 MG Chewable Tablet,2678231,RxNorm
2679420,acetaminophen 500 MG / dextromethorphan hydrobromide 20 MG Granules for Oral Solution,2679420,RxNorm
2679425,acetaminophen 650 MG / diphenhydramine hydrochloride 25 MG Granules for Oral Solution,2679425,RxNorm
2680300,acetaminophen 32.5 MG/ML / dextromethorphan hydrobromide 1 MG/ML / guaifenesin 20 MG/ML Oral Solution,2680300,RxNorm
2683419,acetaminophen 250 MG Chewable Tablet,2683419,RxNorm
2683420,acetaminophen 32 MG/ML / diphenhydramine hydrochloride 1.25 MG/ML Oral Solution,2683420,RxNorm
2684921,acetaminophen 325 MG / dextromethorphan hydrobromide 10 MG / guaifenesin 200 MG Oral Tablet,2684921,RxNorm
2685209,acetaminophen 325 MG / dextromethorphan hydrobromide 10 MG Chewable Tablet,2685209,RxNorm
2691098,acetaminophen 325 MG / chlorpheniramine maleate 2 MG / phenylephrine hydrochloride 5 MG Effervescent Oral Tablet,2691098,RxNorm
2691101,acetaminophen 325 MG / dextromethorphan hydrobromide 10 MG / phenylephrine hydrochloride 5 MG Effervescent Oral Tablet,2691101,RxNorm
2691689,acetaminophen 325 MG / diphenhydramine hydrochloride 12.5 MG Chewable Tablet,2691689,RxNorm
2692302,acetaminophen 32.5 MG/ML / dextromethorphan hydrobromide 1.5 MG/ML / doxylamine succinate 0.625 MG/ML Oral Suspension,2692302,RxNorm
2693770,acetaminophen 32 MG/ML / dextromethorphan hydrobromide 0.5 MG/ML Oral Suspension,2693770,RxNorm
2693772,acetaminophen 32.5 MG/ML / dextromethorphan hydrobromide 1 MG/ML Oral Suspension,2693772,RxNorm
2693775,acetaminophen 32.5 MG/ML / diphenhydramine hydrochloride 1.25 MG/ML Oral Suspension,2693775,RxNorm
2705808,acetaminophen 80 MG Oral Film,2705808,RxNorm
2709229,acetaminophen 325 MG / chlorpheniramine maleate 4 MG / dextromethorphan hydrobromide 20 MG / phenylephrine hydrochloride 10 MG Oral Tablet,2709229,RxNorm
2709673,acetaminophen 325 MG / dextromethorphan hydrobromide 10 MG Oral Tablet,2709673,RxNorm
2712155,acetaminophen 32.5 MG/ML / dextromethorphan hydrobromide 2 MG/ML / guaifenesin 40 MG/ML / phenylephrine hydrochloride 1 MG/ML Oral Solution,2712155,RxNorm
2712156,acetaminophen 32.5 MG/ML / guaifenesin 20 MG/ML / phenylephrine hydrochloride 1 MG/ML Oral Solution,2712156,RxNorm
2713312,acetaminophen 325 MG / dextromethorphan hydrobromide 10 MG / doxylamine succinate 6.25 MG Oral Tablet,2713312,RxNorm
2715604,65 ML acetaminophen 10 MG/ML Injection,2715604,RxNorm
2715863,acetaminophen 162.5 MG / dextromethorphan hydrobromide 5 MG / doxylamine succinate 3.125 MG Chewable Tablet,2715863,RxNorm
2719840,acetaminophen 45 MG/ML Oral Solution,2719840,RxNorm
2722932,acetaminophen 500 MG / dextromethorphan hydrobromide 20 MG / pseudoephedrine hydrochloride 60 MG Powder for Oral Solution,2722932,RxNorm
2723021,acetaminophen 500 MG / dextromethorphan hydrobromide 15 MG / doxylamine succinate 6.25 MG / pseudoephedrine hydrochloride 30 MG Oral Capsule,2723021,RxNorm
2723022,acetaminophen 325 MG / dextromethorphan hydrobromide 10 MG / guaifenesin 200 MG / pseudoephedrine hydrochloride 30 MG Oral Capsule,2723022,RxNorm
2728420,acetaminophen 33.3 MG/ML / dexbrompheniramine maleate 0.0667 MG/ML Oral Solution,2728420,RxNorm
2729424,acetaminophen 500 MG / dexbrompheniramine maleate 2 MG Oral Tablet,2729424,RxNorm
2729789,acetaminophen 325 MG / diphenhydramine hydrochloride 25 MG Oral Tablet,2729789,RxNorm
2733907,acetaminophen 43.3 MG/ML / dextromethorphan hydrobromide 1.33 MG/ML / doxylamine succinate 0.833 MG/ML / phenylephrine hydrochloride 0.667 MG/ML Oral Solution,2733907,RxNorm
2734143,acetaminophen 500 MG / aspirin 500 MG / caffeine 130 MG Oral Powder,2734143,RxNorm
2734621,acetaminophen 325 MG / dextromethorphan hydrobromide 15 MG / doxylamine succinate 6.25 MG / phenylephrine hydrochloride 5 MG Oral Capsule,2734621,RxNorm
2739790,acetaminophen 325 MG / dextromethorphan hydrobromide 20 MG / doxylamine succinate 12.5 MG Oral Capsule,2739790,RxNorm
2739993,acetaminophen 162.5 MG / guaifenesin 100 MG Oral Granules,2739993,RxNorm
2744312,acetaminophen 250 MG / chlorpheniramine maleate 2 MG / dextromethorphan hydrobromide 10 MG Effervescent Oral Tablet,2744312,RxNorm
2744315,acetaminophen 250 MG / dextromethorphan hydrobromide 10 MG Effervescent Oral Tablet,2744315,RxNorm
2744316,acetaminophen 33.3 MG/ML / dextromethorphan hydrobromide 1 MG/ML / doxylamine succinate 0.417 MG/ML Oral Suspension,2744316,RxNorm
2746451,acetaminophen 21.7 MG/ML / doxylamine succinate 0.417 MG/ML Oral Solution,2746451,RxNorm
2749403,acetaminophen 325 MG / naproxen sodium 110 MG Oral Tablet,2749403,RxNorm
2749690,acetaminophen 500 MG / dextromethorphan hydrobromide 15 MG Oral Capsule,2749690,RxNorm
2749691,acetaminophen 500 MG / dextromethorphan hydrobromide 15 MG / doxylamine succinate 6.25 MG Oral Capsule,2749691,RxNorm
282464,acetaminophen 160 MG Oral Tablet,282464,RxNorm
283274,acetaminophen 250 MG / caffeine 50 MG / magnesium salicylate 290 MG Oral Tablet,283274,RxNorm
284094,acetaminophen 500 MG / phenyltoloxamine citrate 60 MG Oral Tablet,284094,RxNorm
307666,acetaminophen 125 MG Rectal Suppository,307666,RxNorm
307667,acetaminophen 160 MG Oral Capsule,307667,RxNorm
307668,acetaminophen 32 MG/ML Oral Suspension,307668,RxNorm
307675,acetaminophen 32 MG/ML Oral Solution,307675,RxNorm
307684,acetaminophen 33.3 MG/ML Oral Solution,307684,RxNorm
307686,acetaminophen 500 MG / caffeine 65 MG Oral Tablet,307686,RxNorm
307695,acetaminophen 80 MG Oral Capsule,307695,RxNorm
307696,acetaminophen 80 MG Chewable Tablet,307696,RxNorm
308278,acetaminophen 115 MG / aspirin 210 MG / caffeine 16 MG / salicylamide 65 MG Oral Tablet,308278,RxNorm
308297,acetaminophen 250 MG / aspirin 250 MG / caffeine 65 MG Oral Tablet,308297,RxNorm
308310,acetaminophen 325 MG / caffeine 100 MG / isometheptene 65 MG Oral Capsule,308310,RxNorm
308322,acetaminophen 500 MG / butalbital 50 MG / caffeine 40 MG Oral Capsule,308322,RxNorm
312288,acetaminophen 650 MG / pentazocine 25 MG Oral Tablet,312288,RxNorm
313782,acetaminophen 325 MG Oral Tablet,313782,RxNorm
313820,acetaminophen 160 MG Chewable Tablet,313820,RxNorm
348978,acetaminophen 300 MG Oral Tablet,348978,RxNorm
359221,acetaminophen 110 MG / aspirin 162 MG / caffeine 32.4 MG / salicylamide 152 MG Oral Tablet,359221,RxNorm
388081,acetaminophen 250 MG Disintegrating Oral Tablet,388081,RxNorm
392293,acetaminophen 48.2 MG/ML Oral Solution,392293,RxNorm
403937,acetaminophen 500 MG / caffeine 65 MG Disintegrating Oral Tablet,403937,RxNorm
410226,acetaminophen 500 MG / caffeine 65 MG Oral Capsule,410226,RxNorm
421071,acetaminophen 100 MG Rectal Suppository,421071,RxNorm
422626,acetaminophen 25 MG/ML Oral Suspension,422626,RxNorm
425723,acetaminophen 120 MG/ML Oral Solution,425723,RxNorm
430837,acetaminophen 1000 MG Oral Tablet,430837,RxNorm
432736,acetaminophen 500 MG / racemethionine 250 MG Oral Tablet,432736,RxNorm
437160,acetaminophen 20 MG/ML Oral Suspension,437160,RxNorm
477282,acetaminophen 160 MG Disintegrating Oral Tablet,477282,RxNorm
483017,100 ML acetaminophen 10 MG/ML Injection,483017,RxNorm
602617,acetaminophen 325 MG / guaifenesin 200 MG Oral Tablet,602617,RxNorm
603136,acetaminophen 325 MG Disintegrating Oral Tablet,603136,RxNorm
606947,acetaminophen 325 MG / dichloralphenazone 100 MG / isometheptene 65 MG Oral Capsule,606947,RxNorm
647877,acetaminophen 250 MG / magnesium salicylate 250 MG / pamabrom 25 MG Oral Tablet,647877,RxNorm
647888,acetaminophen 325 MG / pamabrom 25 MG / vitamin B6 1 MG Oral Tablet,647888,RxNorm
665056,acetaminophen 500 MG Chewable Tablet,665056,RxNorm
672601,acetaminophen 250 MG / caffeine 32.5 MG / magnesium salicylate 310 MG Oral Tablet,672601,RxNorm
692836,acetaminophen 325 MG / aspirin 500 MG / caffeine 65 MG Oral Powder,692836,RxNorm
701913,acetaminophen 500 MG / caffeine 60 MG / pyrilamine maleate 15 MG Oral Capsule,701913,RxNorm
707195,acetaminophen 325 MG / guaifenesin 200 MG Oral Capsule,707195,RxNorm
756245,acetaminophen 21.7 MG/ML / butalbital 3.33 MG/ML / caffeine 2.67 MG/ML Oral Solution,756245,RxNorm
763111,acetaminophen 325 MG / aspirin 500 MG Oral Powder,763111,RxNorm
763116,acetaminophen 260 MG / aspirin 520 MG / caffeine 32.5 MG Oral Powder,763116,RxNorm
827318,acetaminophen 250 MG / aspirin 250 MG / caffeine 65 MG Oral Capsule,827318,RxNorm
827751,acetaminophen 325 MG / propoxyphene napsylate 100 MG Oral Tablet,827751,RxNorm
827757,acetaminophen 21.7 MG/ML / guaifenesin 13.3 MG/ML / phenylephrine hydrochloride 0.333 MG/ML Oral Solution,827757,RxNorm
828576,acetaminophen 650 MG / propoxyphene napsylate 100 MG Oral Tablet,828576,RxNorm
833036,acetaminophen 750 MG / hydrocodone bitartrate 7.5 MG Oral Tablet,833036,RxNorm
836395,acetaminophen 325 MG / tramadol hydrochloride 37.5 MG Oral Tablet,836395,RxNorm
849293,acetaminophen 325 MG / propoxyphene hydrochloride 32.5 MG Oral Tablet,849293,RxNorm
849295,acetaminophen 325 MG / propoxyphene napsylate 50 MG Oral Tablet,849295,RxNorm
849304,acetaminophen 500 MG / propoxyphene napsylate 100 MG Oral Tablet,849304,RxNorm
856903,acetaminophen 500 MG / hydrocodone bitartrate 5 MG Oral Tablet,856903,RxNorm
856908,acetaminophen 660 MG / hydrocodone bitartrate 10 MG Oral Tablet,856908,RxNorm
856940,acetaminophen 21.7 MG/ML / hydrocodone bitartrate 0.5 MG/ML Oral Solution,856940,RxNorm
856944,acetaminophen 21.7 MG/ML / hydrocodone bitartrate 0.67 MG/ML Oral Solution,856944,RxNorm
856962,acetaminophen 500 MG / hydrocodone bitartrate 5 MG Oral Capsule,856962,RxNorm
856980,acetaminophen 300 MG / hydrocodone bitartrate 10 MG Oral Tablet,856980,RxNorm
856987,acetaminophen 300 MG / hydrocodone bitartrate 5 MG Oral Tablet,856987,RxNorm
856992,acetaminophen 300 MG / hydrocodone bitartrate 7.5 MG Oral Tablet,856992,RxNorm
856999,acetaminophen 325 MG / hydrocodone bitartrate 10 MG Oral Tablet,856999,RxNorm
857002,acetaminophen 325 MG / hydrocodone bitartrate 5 MG Oral Tablet,857002,RxNorm
857005,acetaminophen 325 MG / hydrocodone bitartrate 7.5 MG Oral Tablet,857005,RxNorm
857076,acetaminophen 33.3 MG/ML / hydrocodone bitartrate 0.333 MG/ML Oral Solution,857076,RxNorm
857083,acetaminophen 650 MG / hydrocodone bitartrate 7.5 MG Oral Tablet,857083,RxNorm
857099,acetaminophen 33.3 MG/ML / hydrocodone bitartrate 0.5 MG/ML Oral Solution,857099,RxNorm
857107,acetaminophen 500 MG / hydrocodone bitartrate 10 MG Oral Tablet,857107,RxNorm
857111,acetaminophen 500 MG / hydrocodone bitartrate 2.5 MG Oral Tablet,857111,RxNorm
857118,acetaminophen 500 MG / hydrocodone bitartrate 7.5 MG Oral Tablet,857118,RxNorm
857128,acetaminophen 400 MG / hydrocodone bitartrate 10 MG Oral Tablet,857128,RxNorm
857131,acetaminophen 400 MG / hydrocodone bitartrate 5 MG Oral Tablet,857131,RxNorm
857134,acetaminophen 400 MG / hydrocodone bitartrate 7.5 MG Oral Tablet,857134,RxNorm
857383,acetaminophen 650 MG / hydrocodone bitartrate 10 MG Oral Tablet,857383,RxNorm
857391,acetaminophen 325 MG / hydrocodone bitartrate 2.5 MG Oral Tablet,857391,RxNorm
857452,acetaminophen 500 MG / clemastine fumarate 0.335 MG / phenylpropanolamine hydrochloride 30 MG Oral Tablet,857452,RxNorm
857501,acetaminophen 556 MG / hydrocodone bitartrate 5 MG Oral Tablet,857501,RxNorm
880326,acetaminophen 300 MG / phenyltoloxamine citrate 20 MG / salicylamide 200 MG Oral Capsule,880326,RxNorm
889520,acetaminophen 300 MG / butalbital 50 MG / caffeine 40 MG Oral Capsule,889520,RxNorm
992908,acetaminophen 24 MG/ML / promethazine hydrochloride 0.3 MG/ML Oral Suspension,992908,RxNorm
993755,acetaminophen 24 MG/ML / codeine phosphate 2.4 MG/ML Oral Solution,993755,RxNorm
993770,acetaminophen 300 MG / codeine phosphate 15 MG Oral Tablet,993770,RxNorm
993781,acetaminophen 300 MG / codeine phosphate 30 MG Oral Tablet,993781,RxNorm
993890,acetaminophen 300 MG / codeine phosphate 60 MG Oral Tablet,993890,RxNorm
993943,acetaminophen 325 MG / butalbital 50 MG / caffeine 40 MG / codeine phosphate 30 MG Oral Capsule,993943,RxNorm
994043,acetaminophen 500 MG / codeine phosphate 15 MG Oral Tablet,994043,RxNorm
994046,acetaminophen 500 MG / codeine phosphate 30 MG Oral Tablet,994046,RxNorm
996976,acetaminophen 500 MG / codeine phosphate 12.8 MG Oral Tablet,996976,RxNorm
996978,acetaminophen 500 MG / codeine phosphate 13.5 MG Oral Tablet,996978,RxNorm
996979,acetaminophen 500 MG / codeine phosphate 30 MG Oral Capsule,996979,RxNorm
996981,acetaminophen 500 MG / codeine phosphate 8 MG Oral Capsule,996981,RxNorm
996982,acetaminophen 500 MG / codeine phosphate 8 MG Oral Tablet,996982,RxNorm
999419,acetaminophen 500 MG / phenyltoloxamine citrate 50 MG Oral Tablet,999419,RxNorm
105152,amoxicillin 60 MG/ML Oral Suspension,105152,RxNorm
1810268,amoxicillin 50 MG / clavulanate 12.5 MG Oral Tablet,1810268,RxNorm
1810270,amoxicillin 200 MG / clavulanate 50 MG Oral Tablet,1810270,RxNorm
1810273,amoxicillin 300 MG / clavulanate 75 MG Oral Tablet,1810273,RxNorm
2105776,amoxicillin 100 MG / clavulanate 25 MG Oral Tablet,2105776,RxNorm
2105786,amoxicillin 100 MG / clavulanate 25 MG Chewable Tablet,2105786,RxNorm
2105792,amoxicillin 200 MG / clavulanate 50 MG Chewable Tablet,2105792,RxNorm
2105795,amoxicillin 300 MG / clavulanate 75 MG Chewable Tablet,2105795,RxNorm
2105798,amoxicillin 50 MG / clavulanate 12.5 MG Chewable Tablet,2105798,RxNorm
2262026,amoxicillin 250 MG / omeprazole 10 MG / rifabutin 12.5 MG Delayed Release Oral Capsule,2262026,RxNorm
239191,amoxicillin 50 MG/ML Oral Suspension,239191,RxNorm
246282,amoxicillin 100 MG/ML Oral Suspension,246282,RxNorm
308177,amoxicillin 125 MG Chewable Tablet,308177,RxNorm
308182,amoxicillin 250 MG Oral Capsule,308182,RxNorm
308188,amoxicillin 400 MG Chewable Tablet,308188,RxNorm
308189,amoxicillin 80 MG/ML Oral Suspension,308189,RxNorm
308191,amoxicillin 500 MG Oral Capsule,308191,RxNorm
308192,amoxicillin 500 MG Oral Tablet,308192,RxNorm
308194,amoxicillin 875 MG Oral Tablet,308194,RxNorm
313797,amoxicillin 25 MG/ML Oral Suspension,313797,RxNorm
313850,amoxicillin 40 MG/ML Oral Suspension,313850,RxNorm
392151,amoxicillin 200 MG Oral Tablet,392151,RxNorm
392152,amoxicillin 400 MG Oral Tablet,392152,RxNorm
562251,amoxicillin 250 MG / clavulanate 125 MG Oral Tablet,562251,RxNorm
562253,amoxicillin 125 MG / clavulanate 31.2 MG Chewable Tablet,562253,RxNorm
562508,amoxicillin 875 MG / clavulanate 125 MG Oral Tablet,562508,RxNorm
598025,amoxicillin 250 MG Chewable Tablet,598025,RxNorm
617296,amoxicillin 500 MG / clavulanate 125 MG Oral Tablet,617296,RxNorm
617302,amoxicillin 25 MG/ML / clavulanate 6.25 MG/ML Oral Suspension,617302,RxNorm
617304,amoxicillin 250 MG / clavulanate 62.5 MG Chewable Tablet,617304,RxNorm
617309,amoxicillin 200 MG / clavulanate 28.5 MG Chewable Tablet,617309,RxNorm
617316,amoxicillin 400 MG / clavulanate 57 MG Chewable Tablet,617316,RxNorm
617322,amoxicillin 50 MG/ML / clavulanate 12.5 MG/ML Oral Suspension,617322,RxNorm
617423,amoxicillin 40 MG/ML / clavulanate 5.7 MG/ML Oral Suspension,617423,RxNorm
617430,amoxicillin 80 MG/ML / clavulanate 11.4 MG/ML Oral Suspension,617430,RxNorm
617993,amoxicillin 120 MG/ML / clavulanate 8.58 MG/ML Oral Suspension,617993,RxNorm
617995,12 HR amoxicillin 1000 MG / clavulanate 62.5 MG Extended Release Oral Tablet,617995,RxNorm
617996,amoxicillin 800 MG / clavulanate 125 MG Oral Tablet,617996,RxNorm
791939,amoxicillin 100 MG Oral Tablet,791939,RxNorm
791947,amoxicillin 50 MG Oral Tablet,791947,RxNorm
802550,amoxicillin 775 MG Extended Release Oral Tablet,802550,RxNorm
846994,amoxicillin 150 MG Oral Tablet,846994,RxNorm
141962,azithromycin 250 MG Oral Capsule,141962,RxNorm
141963,azithromycin 40 MG/ML Oral Suspension,141963,RxNorm
1668238,azithromycin 500 MG Injection,1668238,RxNorm
204844,azithromycin 600 MG Oral Tablet,204844,RxNorm
248656,azithromycin 500 MG Oral Tablet,248656,RxNorm
308459,azithromycin 20 MG/ML Oral Suspension,308459,RxNorm
308460,azithromycin 250 MG Oral Tablet,308460,RxNorm
577162,azithromycin 33.3 MG/ML Oral Suspension,577162,RxNorm
706868,azithromycin 10 MG/ML Ophthalmic Solution,706868,RxNorm
861416,azithromycin 1000 MG Powder for Oral Suspension,861416,RxNorm
1373014,cefixime 100 MG/ML Oral Suspension,1373014,RxNorm
197450,cefixime 200 MG Oral Tablet,197450,RxNorm
197451,cefixime 400 MG Oral Tablet,197451,RxNorm
309058,cefixime 20 MG/ML Oral Suspension,309058,RxNorm
409823,cefixime 400 MG Oral Capsule,409823,RxNorm
419849,cefixime 40 MG/ML Oral Suspension,419849,RxNorm
1049589,ibuprofen 400 MG / oxycodone hydrochloride 5 MG Oral Tablet,1049589,RxNorm
1100066,famotidine 26.6 MG / ibuprofen 800 MG Oral Tablet,1100066,RxNorm
1297390,chlorpheniramine maleate 2 MG / ibuprofen 200 MG / pseudoephedrine hydrochloride 30 MG Oral Tablet,1297390,RxNorm
1299018,ibuprofen 200 MG / pseudoephedrine hydrochloride 30 MG Oral Capsule,1299018,RxNorm
1299021,ibuprofen 200 MG / pseudoephedrine hydrochloride 30 MG Oral Tablet,1299021,RxNorm
1310487,ibuprofen 20 MG/ML / pseudoephedrine hydrochloride 3 MG/ML Oral Suspension,1310487,RxNorm
1310503,chlorpheniramine maleate 4 MG / ibuprofen 200 MG / phenylephrine hydrochloride 10 MG Oral Tablet,1310503,RxNorm
1369775,ibuprofen 200 MG / phenylephrine hydrochloride 10 MG Oral Tablet,1369775,RxNorm
141997,ibuprofen 0.05 MG/MG Topical Gel,141997,RxNorm
141998,ibuprofen 50 MG/ML Topical Cream,141998,RxNorm
142102,ibuprofen 50 MG/ML Topical Spray,142102,RxNorm
1747294,2 ML ibuprofen 10 MG/ML Injection,1747294,RxNorm
197803,ibuprofen 20 MG/ML Oral Suspension,197803,RxNorm
197804,ibuprofen 300 MG Oral Tablet,197804,RxNorm
197805,ibuprofen 400 MG Oral Tablet,197805,RxNorm
197806,ibuprofen 600 MG Oral Tablet,197806,RxNorm
197807,ibuprofen 800 MG Oral Tablet,197807,RxNorm
198405,ibuprofen 100 MG Oral Tablet,198405,RxNorm
204442,ibuprofen 40 MG/ML Oral Suspension,204442,RxNorm
2178273,200 ML ibuprofen 4 MG/ML Injection,2178273,RxNorm
226617,ibuprofen 50 MG/ML Topical Foam,226617,RxNorm
227159,ibuprofen 200 MG Extended Release Oral Capsule,227159,RxNorm
245417,ibuprofen 400 MG Oral Capsule,245417,RxNorm
250418,ibuprofen 800 MG Extended Release Oral Tablet,250418,RxNorm
310963,ibuprofen 100 MG Chewable Tablet,310963,RxNorm
310964,ibuprofen 200 MG Oral Capsule,310964,RxNorm
310965,ibuprofen 200 MG Oral Tablet,310965,RxNorm
314047,ibuprofen 50 MG Chewable Tablet,314047,RxNorm
380813,ibuprofen 300 MG Extended Release Oral Capsule,380813,RxNorm
389244,ibuprofen 0.1 MG/MG Topical Gel,389244,RxNorm
392668,ibuprofen 0.05 MG/MG / levomenthol 0.03 MG/MG Topical Gel,392668,RxNorm
401976,ibuprofen 300 MG / pseudoephedrine 45 MG Oral Capsule,401976,RxNorm
854183,8 ML ibuprofen 100 MG/ML Injection,854183,RxNorm
858770,hydrocodone bitartrate 2.5 MG / ibuprofen 200 MG Oral Tablet,858770,RxNorm
858778,hydrocodone bitartrate 5 MG / ibuprofen 200 MG Oral Tablet,858778,RxNorm
858798,hydrocodone bitartrate 7.5 MG / ibuprofen 200 MG Oral Tablet,858798,RxNorm
859315,hydrocodone bitartrate 10 MG / ibuprofen 200 MG Oral Tablet,859315,RxNorm
895664,diphenhydramine citrate 38 MG / ibuprofen 200 MG Oral Tablet,895664,RxNorm
901814,diphenhydramine hydrochloride 25 MG / ibuprofen 200 MG Oral Capsule,901814,RxNorm
997164,codeine phosphate 12.5 MG / ibuprofen 200 MG Oral Tablet,997164,RxNorm
997165,codeine phosphate 12.8 MG / ibuprofen 200 MG Oral Tablet,997165,RxNorm
997280,codeine phosphate 20 MG / ibuprofen 300 MG Extended Release Oral Tablet,997280,RxNorm
1665210,100 ML ciprofloxacin 2 MG/ML Injection,1665210,RxNorm
1665212,200 ML ciprofloxacin 2 MG/ML Injection,1665212,RxNorm
1665229,40 ML ciprofloxacin 10 MG/ML Injection,1665229,RxNorm
1792386,ciprofloxacin 3 MG/ML / fluocinolone acetonide 0.25 MG/ML Otic Solution,1792386,RxNorm
197511,ciprofloxacin 250 MG Oral Tablet,197511,RxNorm
197512,ciprofloxacin 750 MG Oral Tablet,197512,RxNorm
199370,ciprofloxacin 100 MG Oral Tablet,199370,RxNorm
309305,ciprofloxacin 2 MG/ML / hydrocortisone 10 MG/ML Otic Suspension,309305,RxNorm
309306,ciprofloxacin 0.003 MG/MG Ophthalmic Ointment,309306,RxNorm
309307,ciprofloxacin 3 MG/ML Ophthalmic Solution,309307,RxNorm
309308,ciprofloxacin 50 MG/ML Oral Suspension,309308,RxNorm
309309,ciprofloxacin 500 MG Oral Tablet,309309,RxNorm
309310,ciprofloxacin 100 MG/ML Oral Suspension,309310,RxNorm
359383,24 HR ciprofloxacin 500 MG Extended Release Oral Tablet,359383,RxNorm
403908,ciprofloxacin 3 MG/ML / dexamethasone 1 MG/ML Otic Suspension,403908,RxNorm
403921,24 HR ciprofloxacin 1000 MG Extended Release Oral Tablet,403921,RxNorm
848956,ciprofloxacin 2 MG/ML Otic Solution,848956,RxNorm
1423080,doxycycline hyclate 200 MG Delayed Release Oral Tablet,1423080,RxNorm
1649401,doxycycline monohydrate 50 MG Oral Capsule,1649401,RxNorm
1649405,doxycycline hyclate 50 MG Oral Capsule,1649405,RxNorm
1649425,doxycycline hyclate 75 MG Oral Tablet,1649425,RxNorm
1649429,doxycycline monohydrate 75 MG Oral Tablet,1649429,RxNorm
1649988,doxycycline hyclate 100 MG Oral Capsule,1649988,RxNorm
1649990,doxycycline monohydrate 100 MG Oral Capsule,1649990,RxNorm
1650030,doxycycline monohydrate 5 MG/ML Oral Suspension,1650030,RxNorm
1650142,doxycycline monohydrate 100 MG Oral Tablet,1650142,RxNorm
1650143,doxycycline hyclate 100 MG Oral Tablet,1650143,RxNorm
1650444,doxycycline monohydrate 150 MG Oral Tablet,1650444,RxNorm
1650446,doxycycline hyclate 150 MG Oral Tablet,1650446,RxNorm
1652673,doxycycline monohydrate 50 MG Oral Tablet,1652673,RxNorm
1652674,doxycycline hyclate 50 MG Oral Tablet,1652674,RxNorm
1653433,doxycycline hyclate 50 MG Delayed Release Oral Tablet,1653433,RxNorm
1791505,doxycycline hyclate 75 MG Oral Capsule,1791505,RxNorm
1801138,doxycycline hyclate 120 MG Delayed Release Oral Tablet,1801138,RxNorm
1801142,doxycycline hyclate 60 MG Delayed Release Oral Tablet,1801142,RxNorm
1998483,doxycycline hyclate 200 MG Injection,1998483,RxNorm
2122343,doxycycline hyclate 80 MG Delayed Release Oral Tablet,2122343,RxNorm
283535,doxycycline hyclate 20 MG Oral Tablet,283535,RxNorm
310026,doxycycline calcium 10 MG/ML Oral Suspension,310026,RxNorm
310027,doxycycline hyclate 100 MG Injection,310027,RxNorm
310028,doxycycline hyclate 20 MG Oral Capsule,310028,RxNorm
348869,doxycycline hyclate 100 MG Delayed Release Oral Capsule,348869,RxNorm
406524,doxycycline hyclate 75 MG Delayed Release Oral Tablet,406524,RxNorm
434018,doxycycline hyclate 100 MG Delayed Release Oral Tablet,434018,RxNorm
597521,doxycycline 75 MG Disintegrating Oral Tablet,597521,RxNorm
700408,doxycycline monohydrate 75 MG Oral Capsule,700408,RxNorm
728207,doxycycline monohydrate 150 MG Oral Capsule,728207,RxNorm
799048,doxycycline hyclate 150 MG Delayed Release Oral Tablet,799048,RxNorm
901399,doxycycline anhydrous 40 MG Delayed Release Oral Capsule,901399,RxNorm
103867,metronidazole 0.25 MG/MG Oral Gel,103867,RxNorm
105304,metronidazole 40 MG/ML Oral Suspension,105304,RxNorm
108302,diloxanide 250 MG / metronidazole 200 MG Oral Tablet,108302,RxNorm
1294619,bismuth subcitrate 140 MG / metronidazole 125 MG / tetracycline hydrochloride 125 MG Oral Capsule,1294619,RxNorm
142046,metronidazole 0.0075 MG/MG Vaginal Gel,142046,RxNorm
1608253,metronidazole 0.013 MG/MG Vaginal Gel,1608253,RxNorm
199055,metronidazole 375 MG Oral Capsule,199055,RxNorm
199326,metronidazole 200 MG Oral Tablet,199326,RxNorm
199327,metronidazole 400 MG Oral Tablet,199327,RxNorm
199959,metronidazole 500 MG Rectal Suppository,199959,RxNorm
226584,metronidazole 0.008 MG/MG Topical Gel,226584,RxNorm
242736,metronidazole 7.5 MG/ML Topical Lotion,242736,RxNorm
250261,metronidazole 1000 MG Rectal Suppository,250261,RxNorm
2667642,metronidazole 100 MG/ML Oral Suspension,2667642,RxNorm
2702348,metronidazole 125 MG Oral Tablet,2702348,RxNorm
2702642,chlorhexidine gluconate 6 MG/ML / metronidazole 2 MG/ML Mouthwash,2702642,RxNorm
311678,metronidazole 7.5 MG/ML Topical Cream,311678,RxNorm
311679,metronidazole 0.0075 MG/MG Topical Gel,311679,RxNorm
311680,metronidazole 10 MG/ML Topical Cream,311680,RxNorm
311681,metronidazole 500 MG Oral Tablet,311681,RxNorm
311683,100 ML metronidazole 5 MG/ML Injection,311683,RxNorm
314106,metronidazole 250 MG Oral Tablet,314106,RxNorm
577237,metronidazole 0.01 MG/MG Topical Gel,577237,RxNorm
636559,24 HR metronidazole 750 MG Extended Release Oral Tablet,636559,RxNorm
687231,bismuth biskalcitrate 140 MG / metronidazole 125 MG / tetracycline 125 MG Oral Capsule,687231,RxNorm
1312431,cephalexin 150 MG Chewable Tablet,1312431,RxNorm
1312440,cephalexin 300 MG Chewable Tablet,1312440,RxNorm
1312444,cephalexin 600 MG Chewable Tablet,1312444,RxNorm
197454,cephalexin 500 MG Oral Tablet,197454,RxNorm
250582,cephalexin 100 MG/ML Oral Suspension,250582,RxNorm
309110,cephalexin 25 MG/ML Oral Suspension,309110,RxNorm
309112,cephalexin 250 MG Oral Capsule,309112,RxNorm
309113,cephalexin 50 MG/ML Oral Suspension,309113,RxNorm
309114,cephalexin 500 MG Oral Capsule,309114,RxNorm
309115,cephalexin 250 MG Oral Tablet,309115,RxNorm
637173,cephalexin 750 MG Oral Capsule,637173,RxNorm
645617,cephalexin 333 MG Oral Capsule,645617,RxNorm
755616,cephalexin 25 MG/ML Oral Solution,755616,RxNorm
755617,cephalexin 50 MG/ML Oral Solution,755617,RxNorm
106850,cefuroxime 50 MG/ML Ophthalmic Solution,106850,RxNorm
1665444,cefuroxime 1500 MG Injection,1665444,RxNorm
1665449,cefuroxime 750 MG Injection,1665449,RxNorm
309095,cefuroxime 125 MG Oral Tablet,309095,RxNorm
309096,cefuroxime 25 MG/ML Oral Suspension,309096,RxNorm
309097,cefuroxime 250 MG Oral Tablet,309097,RxNorm
309098,cefuroxime 500 MG Oral Tablet,309098,RxNorm
309101,cefuroxime 95 MG/ML Injectable Solution,309101,RxNorm
313926,cefuroxime 50 MG/ML Oral Suspension,313926,RxNorm
1665005,ceftriaxone 500 MG Injection,1665005,RxNorm
1665021,ceftriaxone 1000 MG Injection,1665021,RxNorm
1665046,ceftriaxone 2000 MG Injection,1665046,RxNorm
309090,ceftriaxone 100 MG/ML Injectable Solution,309090,RxNorm
309092,ceftriaxone 250 MG Injection,309092,RxNorm
141970,clindamycin 20 MG/ML Topical Cream,141970,RxNorm
1540241,benzoyl peroxide 0.05 MG/MG / clindamycin phosphate 0.012 MG/MG Topical Gel,1540241,RxNorm
1598470,benzoyl peroxide 0.0375 MG/MG / clindamycin phosphate 0.012 MG/MG Topical Gel,1598470,RxNorm
1737244,2 ML clindamycin 150 MG/ML Injection,1737244,RxNorm
1737578,4 ML clindamycin 150 MG/ML Injection,1737578,RxNorm
1737581,6 ML clindamycin 150 MG/ML Injection,1737581,RxNorm
197518,clindamycin 150 MG Oral Capsule,197518,RxNorm
197519,clindamycin 10 MG/ML Topical Lotion,197519,RxNorm
205964,clindamycin 150 MG/ML Injectable Solution,205964,RxNorm
2587810,clindamycin 0.02 MG/MG Vaginal Gel,2587810,RxNorm
259233,clindamycin 100 MG Vaginal Insert,259233,RxNorm
2668198,adapalene 0.0015 MG/MG / benzoyl peroxide 0.031 MG/MG / clindamycin phosphate 0.012 MG/MG Topical Gel,2668198,RxNorm
2676585,Twice-Daily clindamycin 0.01 MG/MG Topical Gel,2676585,RxNorm
284215,clindamycin 300 MG Oral Capsule,284215,RxNorm
309329,clindamycin 75 MG Oral Capsule,309329,RxNorm
309332,Once-Daily clindamycin 0.01 MG/MG Topical Gel,309332,RxNorm
309333,clindamycin 10 MG/ML Topical Solution,309333,RxNorm
309335,50 ML clindamycin 12 MG/ML Injection,309335,RxNorm
309336,50 ML clindamycin 18 MG/ML Injection,309336,RxNorm
309337,clindamycin 20 MG/ML Vaginal Cream,309337,RxNorm
309339,50 ML clindamycin 6 MG/ML Injection,309339,RxNorm
358917,benzoyl peroxide 0.05 MG/MG / clindamycin 0.01 MG/MG Topical Gel,358917,RxNorm
392275,clindamycin 75 MG/ML Oral Suspension,392275,RxNorm
433773,clindamycin 150 MG Oral Tablet,433773,RxNorm
477451,clindamycin 10 MG/ML Topical Foam,477451,RxNorm
562266,clindamycin 15 MG/ML Oral Solution,562266,RxNorm
797274,clindamycin 10 MG/ML Medicated Pad,797274,RxNorm
853019,clindamycin 25 MG Oral Capsule,853019,RxNorm
882548,clindamycin phosphate 0.012 MG/MG / tretinoin 0.00025 MG/MG Topical Gel,882548,RxNorm
885131,benzoyl peroxide 0.025 MG/MG / clindamycin phosphate 0.012 MG/MG Topical Gel,885131,RxNorm
900391,clindamycin 25 MG Oral Tablet,900391,RxNorm
900424,clindamycin 25 MG/ML Oral Solution,900424,RxNorm
900460,clindamycin 75 MG Oral Tablet,900460,RxNorm
103518,erythromycin 20 MG/ML Topical Lotion,103518,RxNorm
106307,erythromycin 40 MG/ML / zinc acetate 12 MG/ML Topical Solution,106307,RxNorm
153371,erythromycin 0.02 MG/MG / isotretinoin 0.0005 MG/MG Topical Gel,153371,RxNorm
1668264,erythromycin lactobionate 500 MG Injection,1668264,RxNorm
197650,erythromycin 500 MG Oral Tablet,197650,RxNorm
244374,benzoyl peroxide 0.05 MG/MG / erythromycin 0.03 MG/MG Topical Gel,244374,RxNorm
250697,erythromycin 0.04 MG/MG Topical Gel,250697,RxNorm
310149,erythromycin 0.005 MG/MG Ophthalmic Ointment,310149,RxNorm
310150,erythromycin 15 MG/ML Topical Solution,310150,RxNorm
310152,erythromycin 0.02 MG/MG Topical Gel,310152,RxNorm
310154,erythromycin 250 MG Delayed Release Oral Capsule,310154,RxNorm
310155,erythromycin 250 MG Delayed Release Oral Tablet,310155,RxNorm
310157,erythromycin 500 MG Delayed Release Oral Tablet,310157,RxNorm
313968,erythromycin 25 MG/ML Oral Suspension,313968,RxNorm
315090,erythromycin 333 MG Delayed Release Oral Tablet,315090,RxNorm
318202,erythromycin 20 MG/ML Topical Solution,318202,RxNorm
349148,erythromycin 0.005 MG/MG Topical Ointment,349148,RxNorm
389251,erythromycin 40 MG/ML / tretinoin 0.25 MG/ML Topical Solution,389251,RxNorm
425351,erythromycin 100 MG/ML Oral Suspension,425351,RxNorm
486912,erythromycin estolate 500 MG Oral Tablet,486912,RxNorm
486955,erythromycin estolate 250 MG Oral Capsule,486955,RxNorm
486960,erythromycin estolate 25 MG/ML Oral Suspension,486960,RxNorm
597193,erythromycin 50 MG/ML Oral Suspension,597193,RxNorm
597194,erythromycin estolate 50 MG/ML Oral Suspension,597194,RxNorm
598006,erythromycin 250 MG Oral Tablet,598006,RxNorm
598008,erythromycin 250 MG Oral Capsule,598008,RxNorm
686350,erythromycin ethylsuccinate 200 MG Chewable Tablet,686350,RxNorm
686355,erythromycin stearate 250 MG Oral Tablet,686355,RxNorm
686400,erythromycin ethylsuccinate 40 MG/ML Oral Suspension,686400,RxNorm
686405,erythromycin ethylsuccinate 400 MG Oral Tablet,686405,RxNorm
686406,erythromycin stearate 500 MG Oral Tablet,686406,RxNorm
686418,erythromycin ethylsuccinate 80 MG/ML Oral Suspension,686418,RxNorm
797452,erythromycin 20 MG/ML Medicated Pad,797452,RxNorm
890953,erythromycin 0.0053 MG/ML Topical Solution,890953,RxNorm
1665497,50 ML levofloxacin 5 MG/ML Injection,1665497,RxNorm
1665507,100 ML levofloxacin 5 MG/ML Injection,1665507,RxNorm
1665515,150 ML levofloxacin 5 MG/ML Injection,1665515,RxNorm
1665517,20 ML levofloxacin 25 MG/ML Injection,1665517,RxNorm
1665519,30 ML levofloxacin 25 MG/ML Injection,1665519,RxNorm
199884,levofloxacin 250 MG Oral Tablet,199884,RxNorm
199885,levofloxacin 500 MG Oral Tablet,199885,RxNorm
311296,levofloxacin 750 MG Oral Tablet,311296,RxNorm
314080,levofloxacin 5 MG/ML Ophthalmic Solution,314080,RxNorm
477391,levofloxacin 25 MG/ML Oral Solution,477391,RxNorm
545118,levofloxacin 15 MG/ML Ophthalmic Solution,545118,RxNorm
311787,moxifloxacin 400 MG Oral Tablet,311787,RxNorm
351156,250 ML moxifloxacin 1.6 MG/ML Injection,351156,RxNorm
403818,moxifloxacin 5 MG/ML Ophthalmic Solution,403818,RxNorm
198048,ofloxacin 200 MG Oral Tablet,198048,RxNorm
198049,ofloxacin 300 MG Oral Tablet,198049,RxNorm
198050,ofloxacin 400 MG Oral Tablet,198050,RxNorm
242446,ofloxacin 3 MG/ML Otic Solution,242446,RxNorm
250095,ofloxacin 2 MG/ML Injectable Solution,250095,RxNorm
312075,ofloxacin 3 MG/ML Ophthalmic Solution,312075,RxNorm
198044,norfloxacin 400 MG Oral Tablet,198044,RxNorm
198201,rifampin 150 MG Oral Capsule,198201,RxNorm
198202,rifampin 300 MG Oral Capsule,198202,RxNorm
198203,isoniazid 150 MG / rifampin 300 MG Oral Capsule,198203,RxNorm
198384,isoniazid 50 MG / pyrazinamide 300 MG / rifampin 120 MG Oral Tablet,198384,RxNorm
199755,isoniazid 100 MG / rifampin 150 MG Oral Tablet,199755,RxNorm
199756,isoniazid 150 MG / rifampin 300 MG Oral Tablet,199756,RxNorm
199802,rifampin 450 MG Oral Tablet,199802,RxNorm
246297,rifampin 20 MG/ML Oral Suspension,246297,RxNorm
312821,rifampin 600 MG Injection,312821,RxNorm
433775,rifampin 150 MG Oral Tablet,433775,RxNorm
105292,isoniazid 10 MG/ML Oral Solution,105292,RxNorm
105293,isoniazid 25 MG/ML Injectable Solution,105293,RxNorm
197832,isoniazid 300 MG Oral Tablet,197832,RxNorm
204430,isoniazid 100 MG/ML Injectable Solution,204430,RxNorm
311166,isoniazid 100 MG Oral Tablet,311166,RxNorm
311171,isoniazid 50 MG Oral Tablet,311171,RxNorm
995599,ethambutol hydrochloride 100 MG Oral Tablet,995599,RxNorm
995607,ethambutol hydrochloride 400 MG Oral Tablet,995607,RxNorm
198181,pyrazinamide 500 MG Oral Tablet,198181,RxNorm
1043563,24 HR metformin hydrochloride 1000 MG / saxagliptin 2.5 MG Extended Release Oral Tablet,1043563,RxNorm
1043570,24 HR metformin hydrochloride 1000 MG / saxagliptin 5 MG Extended Release Oral Tablet,1043570,RxNorm
1043578,24 HR metformin hydrochloride 500 MG / saxagliptin 5 MG Extended Release Oral Tablet,1043578,RxNorm
1243020,linagliptin 2.5 MG / metformin hydrochloride 1000 MG Oral Tablet,1243020,RxNorm
1243027,linagliptin 2.5 MG / metformin hydrochloride 500 MG Oral Tablet,1243027,RxNorm
1243034,linagliptin 2.5 MG / metformin hydrochloride 850 MG Oral Tablet,1243034,RxNorm
1243827,24 HR metformin hydrochloride 1000 MG / sitagliptin 100 MG Extended Release Oral Tablet,1243827,RxNorm
1243842,24 HR metformin hydrochloride 1000 MG / sitagliptin 50 MG Extended Release Oral Tablet,1243842,RxNorm
1243846,24 HR metformin hydrochloride 500 MG / sitagliptin 50 MG Extended Release Oral Tablet,1243846,RxNorm
1368385,alogliptin 12.5 MG / metformin hydrochloride 1000 MG Oral Tablet,1368385,RxNorm
1368392,alogliptin 12.5 MG / metformin hydrochloride 500 MG Oral Tablet,1368392,RxNorm
1545150,canagliflozin 150 MG / metformin hydrochloride 1000 MG Oral Tablet,1545150,RxNorm
1545157,canagliflozin 150 MG / metformin hydrochloride 500 MG Oral Tablet,1545157,RxNorm
1545161,canagliflozin 50 MG / metformin hydrochloride 1000 MG Oral Tablet,1545161,RxNorm
1545164,canagliflozin 50 MG / metformin hydrochloride 500 MG Oral Tablet,1545164,RxNorm
1593058,24 HR dapagliflozin 10 MG / metformin hydrochloride 1000 MG Extended Release Oral Tablet,1593058,RxNorm
1593068,24 HR dapagliflozin 10 MG / metformin hydrochloride 500 MG Extended Release Oral Tablet,1593068,RxNorm
1593070,24 HR dapagliflozin 5 MG / metformin hydrochloride 1000 MG Extended Release Oral Tablet,1593070,RxNorm
1593072,24 HR dapagliflozin 5 MG / metformin hydrochloride 500 MG Extended Release Oral Tablet,1593072,RxNorm
1664315,empagliflozin 5 MG / metformin hydrochloride 500 MG Oral Tablet,1664315,RxNorm
1664323,empagliflozin 12.5 MG / metformin hydrochloride 500 MG Oral Tablet,1664323,RxNorm
1664326,empagliflozin 5 MG / metformin hydrochloride 1000 MG Oral Tablet,1664326,RxNorm
1665367,empagliflozin 12.5 MG / metformin hydrochloride 1000 MG Oral Tablet,1665367,RxNorm
1796089,24 HR linagliptin 2.5 MG / metformin hydrochloride 1000 MG Extended Release Oral Tablet,1796089,RxNorm
1796094,24 HR linagliptin 5 MG / metformin hydrochloride 1000 MG Extended Release Oral Tablet,1796094,RxNorm
1807888,Modified 24 HR metformin hydrochloride 1000 MG Extended Release Oral Tablet,1807888,RxNorm
1807894,Osmotic 24 HR metformin hydrochloride 1000 MG Extended Release Oral Tablet,1807894,RxNorm
1807915,Modified 24 HR metformin hydrochloride 500 MG Extended Release Oral Tablet,1807915,RxNorm
1807917,Osmotic 24 HR metformin hydrochloride 500 MG Extended Release Oral Tablet,1807917,RxNorm
1810997,24 HR canagliflozin 150 MG / metformin hydrochloride 1000 MG Extended Release Oral Tablet,1810997,RxNorm
1811002,24 HR canagliflozin 150 MG / metformin hydrochloride 500 MG Extended Release Oral Tablet,1811002,RxNorm
1811006,24 HR canagliflozin 50 MG / metformin hydrochloride 1000 MG Extended Release Oral Tablet,1811006,RxNorm
1811010,24 HR canagliflozin 50 MG / metformin hydrochloride 500 MG Extended Release Oral Tablet,1811010,RxNorm
1862685,24 HR empagliflozin 10 MG / metformin hydrochloride 1000 MG Extended Release Oral Tablet,1862685,RxNorm
1862691,24 HR empagliflozin 12.5 MG / metformin hydrochloride 1000 MG Extended Release Oral Tablet,1862691,RxNorm
1862695,24 HR empagliflozin 25 MG / metformin hydrochloride 1000 MG Extended Release Oral Tablet,1862695,RxNorm
1862700,24 HR empagliflozin 5 MG / metformin hydrochloride 1000 MG Extended Release Oral Tablet,1862700,RxNorm
1940496,24 HR dapagliflozin 2.5 MG / metformin hydrochloride 1000 MG Extended Release Oral Tablet,1940496,RxNorm
1992685,ertugliflozin 2.5 MG / metformin hydrochloride 1000 MG Oral Tablet,1992685,RxNorm
1992693,ertugliflozin 2.5 MG / metformin hydrochloride 500 MG Oral Tablet,1992693,RxNorm
1992698,ertugliflozin 7.5 MG / metformin hydrochloride 1000 MG Oral Tablet,1992698,RxNorm
1992701,ertugliflozin 7.5 MG / metformin hydrochloride 500 MG Oral Tablet,1992701,RxNorm
2359279,24 HR empagliflozin 10 MG / linagliptin 5 MG / metformin hydrochloride 1000 MG Extended Release Oral Tablet,2359279,RxNorm
2359288,24 HR empagliflozin 12.5 MG / linagliptin 2.5 MG / metformin hydrochloride 1000 MG Extended Release Oral Tablet,2359288,RxNorm
2359351,24 HR empagliflozin 25 MG / linagliptin 5 MG / metformin hydrochloride 1000 MG Extended Release Oral Tablet,2359351,RxNorm
2359356,24 HR empagliflozin 5 MG / linagliptin 2.5 MG / metformin hydrochloride 1000 MG Extended Release Oral Tablet,2359356,RxNorm
2703582,metformin hydrochloride 750 MG Oral Tablet,2703582,RxNorm
2709470,24 HR metformin hydrochloride 1000 MG / sitagliptin phosphate 100 MG Extended Release Oral Tablet,2709470,RxNorm
2709477,24 HR metformin hydrochloride 1000 MG / sitagliptin phosphate 50 MG Extended Release Oral Tablet,2709477,RxNorm
2709482,24 HR metformin hydrochloride 500 MG / sitagliptin phosphate 50 MG Extended Release Oral Tablet,2709482,RxNorm
2709488,metformin hydrochloride 1000 MG / sitagliptin phosphate 50 MG Oral Tablet,2709488,RxNorm
2709491,metformin hydrochloride 500 MG / sitagliptin phosphate 50 MG Oral Tablet,2709491,RxNorm
860975,24 HR metformin hydrochloride 500 MG Extended Release Oral Tablet,860975,RxNorm
860981,24 HR metformin hydrochloride 750 MG Extended Release Oral Tablet,860981,RxNorm
861004,metformin hydrochloride 1000 MG Oral Tablet,861004,RxNorm
861007,metformin hydrochloride 500 MG Oral Tablet,861007,RxNorm
861010,metformin hydrochloride 850 MG Oral Tablet,861010,RxNorm
861021,metformin hydrochloride 625 MG Oral Tablet,861021,RxNorm
861025,metformin hydrochloride 100 MG/ML Oral Solution,861025,RxNorm
861731,glipizide 2.5 MG / metformin hydrochloride 250 MG Oral Tablet,861731,RxNorm
861736,glipizide 2.5 MG / metformin hydrochloride 500 MG Oral Tablet,861736,RxNorm
861740,glipizide 5 MG / metformin hydrochloride 500 MG Oral Tablet,861740,RxNorm
861743,glyburide 1.25 MG / metformin hydrochloride 250 MG Oral Tablet,861743,RxNorm
861748,glyburide 2.5 MG / metformin hydrochloride 500 MG Oral Tablet,861748,RxNorm
861753,glyburide 5 MG / metformin hydrochloride 500 MG Oral Tablet,861753,RxNorm
861760,metformin hydrochloride 1000 MG / rosiglitazone 2 MG Oral Tablet,861760,RxNorm
861763,metformin hydrochloride 1000 MG / rosiglitazone 4 MG Oral Tablet,861763,RxNorm
861769,metformin hydrochloride 1000 MG / sitagliptin 50 MG Oral Tablet,861769,RxNorm
861783,metformin hydrochloride 500 MG / pioglitazone 15 MG Oral Tablet,861783,RxNorm
861787,metformin hydrochloride 500 MG / repaglinide 1 MG Oral Tablet,861787,RxNorm
861790,metformin hydrochloride 500 MG / repaglinide 2 MG Oral Tablet,861790,RxNorm
861795,metformin hydrochloride 500 MG / rosiglitazone 1 MG Oral Tablet,861795,RxNorm
861806,metformin hydrochloride 500 MG / rosiglitazone 2 MG Oral Tablet,861806,RxNorm
861816,metformin hydrochloride 500 MG / rosiglitazone 4 MG Oral Tablet,861816,RxNorm
861819,metformin hydrochloride 500 MG / sitagliptin 50 MG Oral Tablet,861819,RxNorm
861822,metformin hydrochloride 850 MG / pioglitazone 15 MG Oral Tablet,861822,RxNorm
1361493,glimepiride 6 MG Oral Tablet,1361493,RxNorm
1361495,glimepiride 8 MG Oral Tablet,1361495,RxNorm
153842,glimepiride 3 MG Oral Tablet,153842,RxNorm
199245,glimepiride 1 MG Oral Tablet,199245,RxNorm
199246,glimepiride 2 MG Oral Tablet,199246,RxNorm
199247,glimepiride 4 MG Oral Tablet,199247,RxNorm
602544,glimepiride 1 MG / rosiglitazone 4 MG Oral Tablet,602544,RxNorm
602549,glimepiride 2 MG / rosiglitazone 4 MG Oral Tablet,602549,RxNorm
602550,glimepiride 4 MG / rosiglitazone 4 MG Oral Tablet,602550,RxNorm
647237,glimepiride 2 MG / pioglitazone 30 MG Oral Tablet,647237,RxNorm
647239,glimepiride 4 MG / pioglitazone 30 MG Oral Tablet,647239,RxNorm
706895,glimepiride 2 MG / rosiglitazone 8 MG Oral Tablet,706895,RxNorm
706896,glimepiride 4 MG / rosiglitazone 8 MG Oral Tablet,706896,RxNorm
199825,gliclazide 80 MG Oral Tablet,199825,RxNorm
433856,24 HR gliclazide 30 MG Extended Release Oral Tablet,433856,RxNorm
1543202,"insulin, regular, human 4 UNT Inhalation Powder",1543202,RxNorm
1544488,"insulin, regular, human 8 UNT Inhalation Powder",1544488,RxNorm
1654910,"insulin, regular, human 12 UNT Inhalation Powder",1654910,RxNorm
1731315,"3 ML insulin, regular, human 500 UNT/ML Pen Injector",1731315,RxNorm
2179744,"100 ML insulin, regular, human 1 UNT/ML Injection",2179744,RxNorm
2206090,"3 ML insulin, regular, human 100 UNT/ML Pen Injector",2206090,RxNorm
245264,"insulin isophane, human 85 UNT/ML / insulin, regular, human 15 UNT/ML Injectable Suspension",245264,RxNorm
245265,"insulin isophane, human 50 UNT/ML / insulin, regular, human 50 UNT/ML Injectable Suspension",245265,RxNorm
247511,"insulin isophane, human 90 UNT/ML / insulin, regular, human 10 UNT/ML Injectable Suspension",247511,RxNorm
247512,"insulin isophane, human 80 UNT/ML / insulin, regular, human 20 UNT/ML Injectable Suspension",247512,RxNorm
247513,"insulin isophane, human 60 UNT/ML / insulin, regular, human 40 UNT/ML Injectable Suspension",247513,RxNorm
249220,"insulin, regular, human 500 UNT/ML Injectable Solution",249220,RxNorm
311034,"insulin, regular, human 100 UNT/ML Injectable Solution",311034,RxNorm
311048,"insulin isophane, human 70 UNT/ML / insulin, regular, human 30 UNT/ML Injectable Suspension",311048,RxNorm
392660,"insulin isophane, human 75 UNT/ML / insulin, regular, human 25 UNT/ML Injectable Suspension",392660,RxNorm
847187,"3 ML insulin isophane, human 70 UNT/ML / insulin, regular, human 30 UNT/ML Pen Injector",847187,RxNorm
1992826,ertugliflozin 15 MG / sitagliptin 100 MG Oral Tablet,1992826,RxNorm
1992835,ertugliflozin 5 MG / sitagliptin 100 MG Oral Tablet,1992835,RxNorm
2709603,sitagliptin phosphate 100 MG Oral Tablet,2709603,RxNorm
2709608,sitagliptin phosphate 50 MG Oral Tablet,2709608,RxNorm
2709612,sitagliptin phosphate 25 MG Oral Tablet,2709612,RxNorm
2716485,sitagliptin 25 MG/ML Oral Solution,2716485,RxNorm
665033,sitagliptin 100 MG Oral Tablet,665033,RxNorm
665038,sitagliptin 25 MG Oral Tablet,665038,RxNorm
665042,sitagliptin 50 MG Oral Tablet,665042,RxNorm
1100702,linagliptin 5 MG Oral Tablet,1100702,RxNorm
1602109,empagliflozin 10 MG / linagliptin 5 MG Oral Tablet,1602109,RxNorm
1602118,empagliflozin 25 MG / linagliptin 5 MG Oral Tablet,1602118,RxNorm
1545658,empagliflozin 10 MG Oral Tablet,1545658,RxNorm
1545666,empagliflozin 25 MG Oral Tablet,1545666,RxNorm
1488569,dapagliflozin 10 MG Oral Tablet,1488569,RxNorm
1488574,dapagliflozin 5 MG Oral Tablet,1488574,RxNorm
1925498,dapagliflozin 10 MG / saxagliptin 5 MG Oral Tablet,1925498,RxNorm
2169274,dapagliflozin 5 MG / saxagliptin 5 MG Oral Tablet,2169274,RxNorm
1368403,alogliptin 12.5 MG / pioglitazone 15 MG Oral Tablet,1368403,RxNorm
1368410,alogliptin 12.5 MG / pioglitazone 30 MG Oral Tablet,1368410,RxNorm
1368417,alogliptin 12.5 MG / pioglitazone 45 MG Oral Tablet,1368417,RxNorm
1368424,alogliptin 25 MG / pioglitazone 15 MG Oral Tablet,1368424,RxNorm
1368431,alogliptin 25 MG / pioglitazone 30 MG Oral Tablet,1368431,RxNorm
1368438,alogliptin 25 MG / pioglitazone 45 MG Oral Tablet,1368438,RxNorm
312440,pioglitazone 30 MG Oral Tablet,312440,RxNorm
312441,pioglitazone 45 MG Oral Tablet,312441,RxNorm
317573,pioglitazone 15 MG Oral Tablet,317573,RxNorm
1000001,amlodipine 5 MG / hydrochlorothiazide 25 MG / olmesartan medoxomil 40 MG Oral Tablet,1000001,RxNorm
1050798,aliskiren 150 MG / amlodipine 5 MG / hydrochlorothiazide 12.5 MG Oral Tablet,1050798,RxNorm
1050803,aliskiren 300 MG / amlodipine 10 MG / hydrochlorothiazide 12.5 MG Oral Tablet,1050803,RxNorm
1050806,aliskiren 300 MG / amlodipine 10 MG / hydrochlorothiazide 25 MG Oral Tablet,1050806,RxNorm
1050809,aliskiren 300 MG / amlodipine 5 MG / hydrochlorothiazide 12.5 MG Oral Tablet,1050809,RxNorm
1050812,aliskiren 300 MG / amlodipine 5 MG / hydrochlorothiazide 25 MG Oral Tablet,1050812,RxNorm
1600716,amlodipine 10 MG / perindopril arginine 14 MG Oral Tablet,1600716,RxNorm
1600724,amlodipine 2.5 MG / perindopril arginine 3.5 MG Oral Tablet,1600724,RxNorm
1600728,amlodipine 5 MG / perindopril arginine 7 MG Oral Tablet,1600728,RxNorm
197361,amlodipine 5 MG Oral Tablet,197361,RxNorm
2047715,amlodipine 2.5 MG / celecoxib 200 MG Oral Tablet,2047715,RxNorm
2047716,amlodipine 5 MG / celecoxib 200 MG Oral Tablet,2047716,RxNorm
2047717,amlodipine 10 MG / celecoxib 200 MG Oral Tablet,2047717,RxNorm
2184120,amlodipine 1 MG/ML Oral Suspension,2184120,RxNorm
2599173,amlodipine 1 MG/ML Oral Solution,2599173,RxNorm
2726058,amlodipine 2.5 MG Powder for Oral Solution,2726058,RxNorm
2726065,amlodipine 5 MG Powder for Oral Solution,2726065,RxNorm
2726068,amlodipine 10 MG Powder for Oral Solution,2726068,RxNorm
2727452,amlodipine 1.25 MG / indapamide 0.625 MG / telmisartan 10 MG Oral Tablet,2727452,RxNorm
2727460,amlodipine 2.5 MG / indapamide 1.25 MG / telmisartan 20 MG Oral Tablet,2727460,RxNorm
2727463,amlodipine 5 MG / indapamide 2.5 MG / telmisartan 40 MG Oral Tablet,2727463,RxNorm
2748469,amlodipine 1.25 MG Chewable Tablet,2748469,RxNorm
308135,amlodipine 10 MG Oral Tablet,308135,RxNorm
308136,amlodipine 2.5 MG Oral Tablet,308136,RxNorm
404011,amlodipine 5 MG / atorvastatin 80 MG Oral Tablet,404011,RxNorm
404013,amlodipine 10 MG / atorvastatin 80 MG Oral Tablet,404013,RxNorm
597967,amlodipine 10 MG / atorvastatin 20 MG Oral Tablet,597967,RxNorm
597971,amlodipine 2.5 MG / atorvastatin 10 MG Oral Tablet,597971,RxNorm
597974,amlodipine 2.5 MG / atorvastatin 20 MG Oral Tablet,597974,RxNorm
597977,amlodipine 5 MG / atorvastatin 10 MG Oral Tablet,597977,RxNorm
597980,amlodipine 5 MG / atorvastatin 20 MG Oral Tablet,597980,RxNorm
597984,amlodipine 5 MG / atorvastatin 40 MG Oral Tablet,597984,RxNorm
597987,amlodipine 10 MG / atorvastatin 10 MG Oral Tablet,597987,RxNorm
597990,amlodipine 10 MG / atorvastatin 40 MG Oral Tablet,597990,RxNorm
597993,amlodipine 2.5 MG / atorvastatin 40 MG Oral Tablet,597993,RxNorm
722126,amlodipine 10 MG / valsartan 160 MG Oral Tablet,722126,RxNorm
722131,amlodipine 10 MG / valsartan 320 MG Oral Tablet,722131,RxNorm
722134,amlodipine 5 MG / valsartan 160 MG Oral Tablet,722134,RxNorm
722137,amlodipine 5 MG / valsartan 320 MG Oral Tablet,722137,RxNorm
730861,amlodipine 10 MG / olmesartan medoxomil 20 MG Oral Tablet,730861,RxNorm
730866,amlodipine 10 MG / olmesartan medoxomil 40 MG Oral Tablet,730866,RxNorm
730869,amlodipine 5 MG / olmesartan medoxomil 20 MG Oral Tablet,730869,RxNorm
730872,amlodipine 5 MG / olmesartan medoxomil 40 MG Oral Tablet,730872,RxNorm
757674,amlodipine 10 MG Disintegrating Oral Tablet,757674,RxNorm
757675,amlodipine 2.5 MG Disintegrating Oral Tablet,757675,RxNorm
757676,amlodipine 5 MG Disintegrating Oral Tablet,757676,RxNorm
848131,amlodipine 10 MG / hydrochlorothiazide 12.5 MG / valsartan 160 MG Oral Tablet,848131,RxNorm
848135,amlodipine 10 MG / hydrochlorothiazide 25 MG / valsartan 320 MG Oral Tablet,848135,RxNorm
848140,amlodipine 5 MG / hydrochlorothiazide 12.5 MG / valsartan 160 MG Oral Tablet,848140,RxNorm
848145,amlodipine 5 MG / hydrochlorothiazide 25 MG / valsartan 160 MG Oral Tablet,848145,RxNorm
848151,amlodipine 10 MG / hydrochlorothiazide 25 MG / valsartan 160 MG Oral Tablet,848151,RxNorm
876514,amlodipine 10 MG / telmisartan 40 MG Oral Tablet,876514,RxNorm
876519,amlodipine 10 MG / telmisartan 80 MG Oral Tablet,876519,RxNorm
876524,amlodipine 5 MG / telmisartan 40 MG Oral Tablet,876524,RxNorm
876529,amlodipine 5 MG / telmisartan 80 MG Oral Tablet,876529,RxNorm
898342,amlodipine 10 MG / benazepril hydrochloride 20 MG Oral Capsule,898342,RxNorm
898346,amlodipine 10 MG / benazepril hydrochloride 40 MG Oral Capsule,898346,RxNorm
898350,amlodipine 2.5 MG / benazepril hydrochloride 10 MG Oral Capsule,898350,RxNorm
898353,amlodipine 5 MG / benazepril hydrochloride 10 MG Oral Capsule,898353,RxNorm
898356,amlodipine 5 MG / benazepril hydrochloride 20 MG Oral Capsule,898356,RxNorm
898359,amlodipine 5 MG / benazepril hydrochloride 40 MG Oral Capsule,898359,RxNorm
999967,amlodipine 5 MG / hydrochlorothiazide 12.5 MG / olmesartan medoxomil 20 MG Oral Tablet,999967,RxNorm
999986,amlodipine 10 MG / hydrochlorothiazide 12.5 MG / olmesartan medoxomil 40 MG Oral Tablet,999986,RxNorm
999991,amlodipine 10 MG / hydrochlorothiazide 25 MG / olmesartan medoxomil 40 MG Oral Tablet,999991,RxNorm
999996,amlodipine 5 MG / hydrochlorothiazide 12.5 MG / olmesartan medoxomil 40 MG Oral Tablet,999996,RxNorm
2709039,losartan potassium 10 MG/ML Oral Suspension,2709039,RxNorm
979464,hydrochlorothiazide 12.5 MG / losartan potassium 100 MG Oral Tablet,979464,RxNorm
979468,hydrochlorothiazide 12.5 MG / losartan potassium 50 MG Oral Tablet,979468,RxNorm
979471,hydrochlorothiazide 25 MG / losartan potassium 100 MG Oral Tablet,979471,RxNorm
979480,losartan potassium 100 MG Oral Tablet,979480,RxNorm
979485,losartan potassium 25 MG Oral Tablet,979485,RxNorm
979492,losartan potassium 50 MG Oral Tablet,979492,RxNorm
1011718,aliskiren 150 MG / valsartan 160 MG Oral Tablet,1011718,RxNorm
1011729,aliskiren 300 MG / valsartan 320 MG Oral Tablet,1011729,RxNorm
153077,valsartan 40 MG Oral Capsule,153077,RxNorm
1656340,sacubitril 24 MG / valsartan 26 MG Oral Tablet,1656340,RxNorm
1656349,sacubitril 49 MG / valsartan 51 MG Oral Tablet,1656349,RxNorm
1656354,sacubitril 97 MG / valsartan 103 MG Oral Tablet,1656354,RxNorm
1798281,nebivolol 5 MG / valsartan 80 MG Oral Tablet,1798281,RxNorm
1996254,valsartan 4 MG/ML Oral Solution,1996254,RxNorm
199850,valsartan 80 MG Oral Capsule,199850,RxNorm
199919,valsartan 160 MG Oral Capsule,199919,RxNorm
200284,hydrochlorothiazide 12.5 MG / valsartan 80 MG Oral Tablet,200284,RxNorm
200285,hydrochlorothiazide 12.5 MG / valsartan 160 MG Oral Tablet,200285,RxNorm
2679793,sacubitril 15 MG / valsartan 16 MG Oral Pellet,2679793,RxNorm
2679800,sacubitril 6 MG / valsartan 6 MG Oral Pellet,2679800,RxNorm
349199,valsartan 80 MG Oral Tablet,349199,RxNorm
349200,valsartan 320 MG Oral Tablet,349200,RxNorm
349201,valsartan 160 MG Oral Tablet,349201,RxNorm
349353,hydrochlorothiazide 25 MG / valsartan 160 MG Oral Tablet,349353,RxNorm
349483,valsartan 40 MG Oral Tablet,349483,RxNorm
636042,hydrochlorothiazide 12.5 MG / valsartan 320 MG Oral Tablet,636042,RxNorm
636045,hydrochlorothiazide 25 MG / valsartan 320 MG Oral Tablet,636045,RxNorm
205304,telmisartan 40 MG Oral Tablet,205304,RxNorm
205305,telmisartan 80 MG Oral Tablet,205305,RxNorm
2057152,telmisartan 10 MG/ML Oral Solution,2057152,RxNorm
282755,telmisartan 20 MG Oral Tablet,282755,RxNorm
283316,hydrochlorothiazide 12.5 MG / telmisartan 40 MG Oral Tablet,283316,RxNorm
283317,hydrochlorothiazide 12.5 MG / telmisartan 80 MG Oral Tablet,283317,RxNorm
477130,hydrochlorothiazide 25 MG / telmisartan 80 MG Oral Tablet,477130,RxNorm
349373,olmesartan medoxomil 5 MG Oral Tablet,349373,RxNorm
349401,olmesartan medoxomil 20 MG Oral Tablet,349401,RxNorm
349405,olmesartan medoxomil 40 MG Oral Tablet,349405,RxNorm
401971,olmesartan medoxomil 10 MG Oral Tablet,401971,RxNorm
403853,hydrochlorothiazide 12.5 MG / olmesartan medoxomil 20 MG Oral Tablet,403853,RxNorm
403854,hydrochlorothiazide 12.5 MG / olmesartan medoxomil 40 MG Oral Tablet,403854,RxNorm
403855,hydrochlorothiazide 25 MG / olmesartan medoxomil 40 MG Oral Tablet,403855,RxNorm
104308,atenolol 0.5 MG/ML Injectable Solution,104308,RxNorm
152916,atenolol 50 MG / chlorthalidone 12.5 MG Oral Tablet,152916,RxNorm
153155,atenolol 25 MG / bendroflumethiazide 1.25 MG Oral Capsule,153155,RxNorm
197379,atenolol 100 MG Oral Tablet,197379,RxNorm
197380,atenolol 25 MG Oral Tablet,197380,RxNorm
197381,atenolol 50 MG Oral Tablet,197381,RxNorm
197382,atenolol 100 MG / chlorthalidone 25 MG Oral Tablet,197382,RxNorm
197383,atenolol 50 MG / chlorthalidone 25 MG Oral Tablet,197383,RxNorm
393275,atenolol 50 MG / nifedipine 20 MG Extended Release Oral Capsule,393275,RxNorm
755528,atenolol 5 MG/ML Oral Solution,755528,RxNorm
977920,amiloride hydrochloride 2.5 MG / atenolol 50 MG / hydrochlorothiazide 25 MG Oral Capsule,977920,RxNorm
1111439,24 HR hydrochlorothiazide 25 MG / metoprolol tartrate 200 MG Extended Release Oral Tablet,1111439,RxNorm
1606347,metoprolol tartrate 37.5 MG Oral Tablet,1606347,RxNorm
1606349,metoprolol tartrate 75 MG Oral Tablet,1606349,RxNorm
1744259,5 ML metoprolol tartrate 1 MG/ML Cartridge,1744259,RxNorm
1999031,24 HR metoprolol succinate 100 MG Extended Release Oral Capsule,1999031,RxNorm
1999033,24 HR metoprolol succinate 200 MG Extended Release Oral Capsule,1999033,RxNorm
1999035,24 HR metoprolol succinate 25 MG Extended Release Oral Capsule,1999035,RxNorm
1999037,24 HR metoprolol succinate 50 MG Extended Release Oral Capsule,1999037,RxNorm
2712147,metoprolol tartrate 10 MG/ML Oral Solution,2712147,RxNorm
2723025,metoprolol tartrate 12.5 MG Oral Tablet,2723025,RxNorm
866412,24 HR metoprolol succinate 100 MG Extended Release Oral Tablet,866412,RxNorm
866419,24 HR metoprolol succinate 200 MG Extended Release Oral Tablet,866419,RxNorm
866427,24 HR metoprolol succinate 25 MG Extended Release Oral Tablet,866427,RxNorm
866436,24 HR metoprolol succinate 50 MG Extended Release Oral Tablet,866436,RxNorm
866452,24 HR hydrochlorothiazide 12.5 MG / metoprolol succinate 100 MG Extended Release Oral Tablet,866452,RxNorm
866479,hydrochlorothiazide 25 MG / metoprolol tartrate 100 MG Oral Tablet,866479,RxNorm
866482,hydrochlorothiazide 25 MG / metoprolol tartrate 50 MG Oral Tablet,866482,RxNorm
866491,hydrochlorothiazide 50 MG / metoprolol tartrate 100 MG Oral Tablet,866491,RxNorm
866508,5 ML metoprolol tartrate 1 MG/ML Injection,866508,RxNorm
866511,metoprolol tartrate 100 MG Oral Tablet,866511,RxNorm
866514,metoprolol tartrate 50 MG Oral Tablet,866514,RxNorm
866924,metoprolol tartrate 25 MG Oral Tablet,866924,RxNorm
1495058,propranolol hydrochloride 4.28 MG/ML Oral Solution,1495058,RxNorm
856422,hydrochlorothiazide 25 MG / propranolol hydrochloride 40 MG Oral Tablet,856422,RxNorm
856429,hydrochlorothiazide 25 MG / propranolol hydrochloride 80 MG Oral Tablet,856429,RxNorm
856443,1 ML propranolol hydrochloride 1 MG/ML Injection,856443,RxNorm
856448,propranolol hydrochloride 10 MG Oral Tablet,856448,RxNorm
856457,propranolol hydrochloride 20 MG Oral Tablet,856457,RxNorm
856460,24 HR propranolol hydrochloride 120 MG Extended Release Oral Capsule,856460,RxNorm
856481,24 HR propranolol hydrochloride 160 MG Extended Release Oral Capsule,856481,RxNorm
856519,propranolol hydrochloride 40 MG Oral Tablet,856519,RxNorm
856535,24 HR propranolol hydrochloride 60 MG Extended Release Oral Capsule,856535,RxNorm
856556,propranolol hydrochloride 60 MG Oral Tablet,856556,RxNorm
856569,24 HR propranolol hydrochloride 80 MG Extended Release Oral Capsule,856569,RxNorm
856578,propranolol hydrochloride 80 MG Oral Tablet,856578,RxNorm
856615,bendroflumethiazide 2.5 MG / propranolol hydrochloride 80 MG Oral Capsule,856615,RxNorm
